_id,temp,temp_min,sunrise,report_time,sunset,description,humidity,location,pressure,feels_like,temp_max,wind
659e617af63ecd73f81c104c,304.11,304.11,1704842263,10-01-24 9:13,1704884095,overcast clouds,53,Ca Mau,1008,306.31,304.11,5.06
659e617af63ecd73f81c104d,301.75,301.75,1704842135,10-01-24 9:15,1704883947,overcast clouds,64,Bac Lieu,1008,304.09,301.75,7.07
659e617af63ecd73f81c104e,303.04,303.04,1704842362,10-01-24 9:16,1704884028,overcast clouds,66,Rach Gia,1008,307.01,303.04,2.05
659e617af63ecd73f81c104f,303.11,303.11,1704842106,10-01-24 9:18,1704883854,overcast clouds,56,Soc Trang,1008,305.15,303.11,5.68
659e617af63ecd73f81c1050,305.12,305.12,1704842319,10-01-24 9:19,1704883911,overcast clouds,52,Long Xuyen,1007,307.95,305.12,1.51
659e6183f63ecd73f81c1051,305.14,305.14,1704842196,10-01-24 9:21,1704883858,few clouds,62,Can Tho,1009,310.82,305.14,2.57
659e61def63ecd73f81c1052,305.14,305.14,1704842174,10-01-24 9:22,1704883792,overcast clouds,62,Vinh Long,1007,310.82,305.14,2.44
659e6238f63ecd73f81c1053,305.12,305.12,1704842274,10-01-24 9:24,1704883852,overcast clouds,50,Cao Lanh,1007,307.46,305.12,0.88
659e6292f63ecd73f81c1054,304.87,304.87,1704842072,10-01-24 9:25,1704883694,broken clouds,51,Ben Tre,1008,307.24,304.87,2.94
659e62ecf63ecd73f81c1055,302.7,302.7,1704842051,10-01-24 9:27,1704883733,overcast clouds,57,Tra Vinh,1008,304.63,302.7,4.84
659e6347f63ecd73f81c1056,305.2,305.2,1704842092,10-01-24 9:28,1704883690,broken clouds,50,My Tho,1007,307.61,305.2,2.73
659e63a1f63ecd73f81c1057,306.16,306.16,1704842094,10-01-24 9:30,1704883656,broken clouds,60,Tan An,1008,312.69,306.16,4.73
659e63fbf63ecd73f81c1058,306.16,306.16,1704842056,10-01-24 9:31,1704883574,few clouds,52,Ho Chi Minh City,1008,310.05,306.16,1.03
659e6456f63ecd73f81c1059,306.18,306.18,1704842081,10-01-24 9:33,1704883556,few clouds,52,Thu Dau Mot,1008,310.09,306.18,1.03
659e64b0f63ecd73f81c105a,306.7,306.7,1704842237,10-01-24 9:34,1704883649,scattered clouds,43,Phu Khuong,1007,308.57,306.7,2.45
659e650af63ecd73f81c105b,305.53,305.53,1704842182,10-01-24 9:36,1704883479,scattered clouds,35,Loc Ninh,1006,305.11,305.53,1.24
659e6565f63ecd73f81c105c,306.14,306.14,1704842040,10-01-24 9:37,1704883518,overcast clouds,48,Bien Hoa,1007,308.86,306.14,4.15
659e65bff63ecd73f81c105d,300.08,300.08,1704841915,10-01-24 9:39,1704883514,overcast clouds,75,Vung Tau,1009,302.3,300.08,7.5
659e6619f63ecd73f81c105e,300.87,300.87,1704841730,10-01-24 9:40,1704883212,scattered clouds,65,Phan Thiet,1009,302.72,300.87,6.74
659e6673f63ecd73f81c105f,293.38,293.38,1704841750,10-01-24 9:42,1704883027,broken clouds,70,Da Lat,1012,293.29,293.38,1.02
659e66cef63ecd73f81c1060,297.99,297.99,1704841917,10-01-24 9:43,1704883048,scattered clouds,62,Buon Ma Thuot,1011,298.15,297.99,3.9
659e6728f63ecd73f81c1061,300.44,300.44,1704841582,10-01-24 9:45,1704882936,broken clouds,64,Phan Rang-Thap Cham,1010,301.95,300.44,6.24
659e6782f63ecd73f81c1062,301.15,301.15,1704841603,10-01-24 9:46,1704882819,scattered clouds,81,Nha Trang,1012,305.4,301.15,4.6
659e67dcf63ecd73f81c1063,295.96,295.96,1704842064,10-01-24 9:48,1704882926,overcast clouds,63,Pleiku,1012,295.94,295.96,4.4
659e6837f63ecd73f81c1064,298.78,298.78,1704842102,10-01-24 9:49,1704882888,overcast clouds,56,Kon Tum,1011,298.86,298.78,3.81
659e6891f63ecd73f81c1065,296.85,296.85,1704841660,10-01-24 9:51,1704882706,broken clouds,87,Tuy Hoa,1013,297.55,296.85,4.37
659e68ecf63ecd73f81c1066,297.26,297.26,1704841745,10-01-24 9:52,1704882652,broken clouds,83,Quy Nhon,1013,297.89,297.26,4.79
659e6946f63ecd73f81c1067,298.14,298.14,1704842227,10-01-24 9:54,1704882656,scattered clouds,78,Turan,1014,298.73,298.14,3.09
659e69a0f63ecd73f81c1068,296.61,296.61,1704841989,10-01-24 9:55,1704882617,overcast clouds,84,Quang Ngai,1014,297.2,296.61,2.26
659e69fbf63ecd73f81c1069,298.13,298.13,1704842180,10-01-24 9:57,1704882649,broken clouds,81,Hoi An,1014,298.8,298.13,3.34
659e6a55f63ecd73f81c106a,298.21,298.21,1704842418,10-01-24 9:58,1704882764,scattered clouds,78,Hue,1013,298.81,298.21,6.69
659e6ab0f63ecd73f81c106b,296.54,296.54,1704842544,10-01-24 10:00,1704882830,scattered clouds,83,Quang Tri,1013,297.1,296.54,2.91
659e6b0af63ecd73f81c106c,296.32,296.32,1704842766,10-01-24 10:01,1704882896,few clouds,85,Kwang Binh,1014,296.91,296.32,3.26
659e6b65f63ecd73f81c106d,295.82,295.82,1704843025,10-01-24 10:03,1704882973,broken clouds,87,Ha Tinh,1013,296.41,295.82,2.64
659e6bbff63ecd73f81c106e,295.45,295.45,1704843117,10-01-24 10:04,1704882993,broken clouds,88,Vinh,1014,296.03,295.45,3.16
659e6c19f63ecd73f81c106f,293.66,293.66,1704843216,10-01-24 10:06,1704882846,light rain,92,Thanh Hoa,1014,294.17,293.66,4.18
659e6c73f63ecd73f81c1070,293.65,293.65,1704843216,10-01-24 10:07,1704882746,overcast clouds,86,Ninh Binh,1015,294,293.65,5.04
659e6ccef63ecd73f81c1071,293.21,293.21,1704843187,10-01-24 10:09,1704882682,overcast clouds,85,Nam Dinh,1015,293.49,293.21,5.62
659e6d28f63ecd73f81c1072,293.06,293.06,1704843151,10-01-24 10:10,1704882639,overcast clouds,85,Thai Binh,1015,293.33,293.06,6.14
659e6d82f63ecd73f81c1073,293.4,293.4,1704843262,10-01-24 10:12,1704882729,overcast clouds,84,Phu Ly,1015,293.67,293.4,4.1
659e6dddf63ecd73f81c1074,293.8,293.8,1704843237,10-01-24 10:13,1704882680,overcast clouds,79,Hung Yen,1015,293.98,293.8,4.35
659e6e37f63ecd73f81c1075,292.15,292.15,1704843209,10-01-24 10:15,1704882589,overcast clouds,74,Hai Duong,1015,292.04,292.15,3.84
659e6e91f63ecd73f81c1076,292.1,292.1,1704843112,10-01-24 10:16,1704882510,overcast clouds,94,Haiphong,1015,292.51,292.1,3.6
659e6eebf63ecd73f81c1077,291.92,291.92,1704843027,10-01-24 10:18,1704882404,broken clouds,86,Ha Long,1015,292.1,291.92,4.08
659e6f45f63ecd73f81c1078,289.17,289.17,1704843209,10-01-24 10:19,1704882388,overcast clouds,92,Lang Son,1016,289.23,289.17,2.13
659e6fa0f63ecd73f81c1079,289.29,289.29,1704843420,10-01-24 10:21,1704882410,overcast clouds,94,Cao Bang,1017,289.41,289.29,0.67
659e6ffaf63ecd73f81c107a,292.23,292.23,1704843743,10-01-24 10:22,1704882695,overcast clouds,98,Ha Giang,1015,292.75,292.23,1.22
659e7054f63ecd73f81c107b,293.81,293.81,1704843951,10-01-24 10:24,1704882983,broken clouds,90,Lao Cai,1014,294.28,293.81,1.15
659eac3cf1049a28ecb2ba61,298.67,298.67,1704842263,10-01-24 14:28,1704884095,overcast clouds,77,Ca Mau,1011,299.29,298.67,3.26
659eac3cf1049a28ecb2ba62,298.73,298.73,1704842135,10-01-24 14:30,1704883947,scattered clouds,81,Bac Lieu,1011,299.46,298.73,5.46
659eac3cf1049a28ecb2ba63,299.26,299.26,1704842362,10-01-24 14:31,1704884028,overcast clouds,70,Rach Gia,1011,299.26,299.26,4.74
659eac3cf1049a28ecb2ba64,298.01,298.01,1704842106,10-01-24 14:33,1704883854,broken clouds,81,Soc Trang,1011,298.67,298.01,4.19
659eac3cf1049a28ecb2ba65,300.12,300.12,1704842319,10-01-24 14:34,1704883911,overcast clouds,72,Long Xuyen,1011,302.12,300.12,3.88
659eac3cf1049a28ecb2ba66,300.14,300.14,1704842196,10-01-24 14:36,1704883858,few clouds,74,Can Tho,1011,302.33,300.14,2.57
659eac3cf1049a28ecb2ba67,300.14,300.14,1704842174,10-01-24 14:37,1704883792,overcast clouds,79,Vinh Long,1011,302.78,300.14,3.69
659eac3cf1049a28ecb2ba68,300.12,300.12,1704842274,10-01-24 14:39,1704883852,overcast clouds,75,Cao Lanh,1011,302.38,300.12,3.92
659eac70f1049a28ecb2ba69,298.98,298.98,1704842072,10-01-24 14:40,1704883694,broken clouds,73,Ben Tre,1011,299.52,298.98,3.81
659eaccaf1049a28ecb2ba6a,298.46,298.46,1704842051,10-01-24 14:42,1704883733,broken clouds,78,Tra Vinh,1011,299.08,298.46,4.18
659ead25f1049a28ecb2ba6b,299.08,299.08,1704842092,10-01-24 14:43,1704883690,overcast clouds,71,My Tho,1011,299.58,299.08,4.08
659ead7ff1049a28ecb2ba6c,301.16,301.16,1704842094,10-01-24 14:45,1704883656,overcast clouds,68,Tan An,1011,303.57,301.16,4.92
659eadd9f1049a28ecb2ba6d,302.16,302.16,1704842056,10-01-24 14:46,1704883574,scattered clouds,61,Ho Chi Minh City,1011,304.36,302.16,3.6
659eae33f1049a28ecb2ba6e,301.18,301.18,1704842081,10-01-24 14:48,1704883556,scattered clouds,65,Thu Dau Mot,1011,303.23,301.18,3.09
659eae8ef1049a28ecb2ba6f,299.42,299.42,1704842237,10-01-24 14:49,1704883649,overcast clouds,65,Phu Khuong,1011,299.42,299.42,3.13
659eaee8f1049a28ecb2ba70,299.97,299.97,1704842182,10-01-24 14:51,1704883479,overcast clouds,67,Loc Ninh,1011,301.49,299.97,0.9
659eaf42f1049a28ecb2ba71,301.14,301.14,1704842040,10-01-24 14:52,1704883518,overcast clouds,63,Bien Hoa,1010,302.93,301.14,2.74
659eaf9cf1049a28ecb2ba72,299.7,299.7,1704841915,10-01-24 14:54,1704883514,overcast clouds,74,Vung Tau,1011,299.7,299.7,9.79
659eaff7f1049a28ecb2ba73,297.09,297.09,1704841730,10-01-24 14:55,1704883212,overcast clouds,79,Phan Thiet,1011,297.6,297.09,4.22
659eb051f1049a28ecb2ba74,286.89,286.89,1704841750,10-01-24 14:57,1704883027,overcast clouds,97,Da Lat,1016,286.85,286.89,1.36
659eb0abf1049a28ecb2ba75,293.41,293.41,1704841917,10-01-24 14:58,1704883048,overcast clouds,79,Buon Ma Thuot,1013,293.55,293.41,3.91
659eb105f1049a28ecb2ba76,295.67,295.67,1704841582,10-01-24 15:00,1704882936,broken clouds,83,Phan Rang-Thap Cham,1013,296.14,295.67,3.52
659eb160f1049a28ecb2ba77,298.15,298.15,1704841603,10-01-24 15:01,1704882819,broken clouds,88,Nha Trang,1014,299,298.15,2.87
659eb1baf1049a28ecb2ba78,289.4,289.4,1704842064,10-01-24 15:03,1704882926,overcast clouds,95,Pleiku,1015,289.56,289.4,2.11
659eb214f1049a28ecb2ba79,290.04,290.04,1704842102,10-01-24 15:04,1704882888,broken clouds,96,Kon Tum,1015,290.29,290.04,1.45
659eb26ef1049a28ecb2ba7a,296.11,296.11,1704841660,10-01-24 15:06,1704882706,broken clouds,91,Tuy Hoa,1015,296.84,296.11,3.31
659eb2c9f1049a28ecb2ba7b,296.82,296.82,1704841745,10-01-24 15:07,1704882652,overcast clouds,86,Quy Nhon,1015,297.49,296.82,5.27
659eb323f1049a28ecb2ba7c,297.14,297.14,1704842227,10-01-24 15:09,1704882656,scattered clouds,78,Turan,1016,297.63,297.14,2.57
659eb37ef1049a28ecb2ba7d,295.74,295.74,1704841989,10-01-24 15:10,1704882617,broken clouds,88,Quang Ngai,1015,296.35,295.74,1.6
659eb3d8f1049a28ecb2ba7e,297.13,297.13,1704842180,10-01-24 15:12,1704882649,overcast clouds,85,Hoi An,1015,297.8,297.13,3.77
659eb432f1049a28ecb2ba7f,297.21,297.21,1704842418,10-01-24 15:13,1704882764,broken clouds,83,Hue,1015,297.84,297.21,4.63
659eb48cf1049a28ecb2ba80,295.34,295.34,1704842544,10-01-24 15:15,1704882830,scattered clouds,89,Quang Tri,1015,295.94,295.34,4.73
659eb4e7f1049a28ecb2ba81,295.51,295.51,1704842766,10-01-24 15:16,1704882896,broken clouds,91,Kwang Binh,1016,296.18,295.51,4.41
659eb541f1049a28ecb2ba82,294.43,294.43,1704843025,10-01-24 15:18,1704882973,broken clouds,92,Ha Tinh,1016,295.02,294.43,0.67
659eb59bf1049a28ecb2ba83,294.88,294.88,1704843117,10-01-24 15:19,1704882993,broken clouds,90,Vinh,1016,295.46,294.88,0.57
659eb5f6f1049a28ecb2ba84,293.5,293.5,1704843216,10-01-24 15:21,1704882846,overcast clouds,91,Thanh Hoa,1016,293.97,293.5,3.76
659eb650f1049a28ecb2ba85,292.89,292.89,1704843216,10-01-24 15:22,1704882746,overcast clouds,89,Ninh Binh,1017,293.24,292.89,4.01
659eb6aaf1049a28ecb2ba86,292.72,292.72,1704843187,10-01-24 15:24,1704882682,overcast clouds,89,Nam Dinh,1017,293.06,292.72,5.28
659eb704f1049a28ecb2ba87,292.59,292.59,1704843151,10-01-24 15:25,1704882639,overcast clouds,89,Thai Binh,1017,292.91,292.59,6.42
659eb75ff1049a28ecb2ba88,292.69,292.69,1704843262,10-01-24 15:27,1704882729,overcast clouds,88,Phu Ly,1017,293,292.69,2.56
659eb7b9f1049a28ecb2ba89,292.8,292.8,1704843237,10-01-24 15:28,1704882680,overcast clouds,86,Hung Yen,1017,293.07,292.8,3.59
659eb813f1049a28ecb2ba8a,293.15,293.15,1704843209,10-01-24 15:30,1704882589,overcast clouds,81,Hai Duong,1017,293.32,293.15,3.17
659eb86ef1049a28ecb2ba8b,293.1,293.1,1704843112,10-01-24 15:31,1704882510,broken clouds,88,Haiphong,1016,293.45,293.1,4.12
659eb8c8f1049a28ecb2ba8c,292.92,292.92,1704843027,10-01-24 15:33,1704882404,overcast clouds,88,Ha Long,1017,293.25,292.92,4.44
659eb922f1049a28ecb2ba8d,288.21,288.21,1704843209,10-01-24 15:34,1704882388,overcast clouds,95,Lang Son,1018,288.25,288.21,2.02
659eb97cf1049a28ecb2ba8e,288.67,288.67,1704843420,10-01-24 15:36,1704882410,overcast clouds,95,Cao Bang,1019,288.76,288.67,0.9
659eb9d7f1049a28ecb2ba8f,291.47,291.47,1704843743,10-01-24 15:37,1704882695,overcast clouds,99,Ha Giang,1017,291.94,291.47,1.25
659eba31f1049a28ecb2ba90,292.25,292.25,1704843951,10-01-24 15:39,1704882983,overcast clouds,96,Lao Cai,1016,292.72,292.25,0.92
659eba8cf1049a28ecb2ba91,289.69,289.69,1704844061,10-01-24 15:41,1704883112,overcast clouds,92,Lai Chau,1015,289.8,289.69,1.39
659ebae6f1049a28ecb2ba92,290.4,290.4,1704843831,10-01-24 15:42,1704883127,broken clouds,94,Son La,1015,290.64,290.4,1.87
659ebb40f1049a28ecb2ba93,293.94,293.94,1704844051,10-01-24 15:44,1704883331,broken clouds,81,Dien Bien Phu,1013,294.19,293.94,1.13
659ebb9bf1049a28ecb2ba94,291.15,291.15,1704843333,10-01-24 15:45,1704882693,overcast clouds,86,Ha Noi,1017,291.25,291.15,1.82
659ebbf5f1049a28ecb2ba95,292.41,292.41,1704843430,10-01-24 15:47,1704882837,overcast clouds,95,Hoa Binh,1017,292.87,292.41,1.16
659ebc4ff1049a28ecb2ba96,291.12,291.12,1704843462,10-01-24 15:48,1704882761,overcast clouds,90,Viet Tri,1017,291.32,291.12,2.21
659ebcaaf1049a28ecb2ba97,291.12,291.12,1704843423,10-01-24 15:50,1704882720,overcast clouds,89,Vinh Yen,1017,291.3,291.12,2.2
659ebd04f1049a28ecb2ba98,291.19,291.19,1704843274,10-01-24 15:51,1704882580,overcast clouds,85,Bac Giang,1017,291.27,291.19,2.05
659ebd5ef1049a28ecb2ba99,291.2,291.2,1704843301,10-01-24 15:53,1704882625,overcast clouds,84,Bac Ninh,1017,291.25,291.2,1.82
659ebdb9f1049a28ecb2ba9a,291.47,291.47,1704843642,10-01-24 15:54,1704882852,overcast clouds,94,Yen Bai,1017,291.81,291.47,0.93
659ebe13f1049a28ecb2ba9b,291.03,291.03,1704843572,10-01-24 15:56,1704882753,overcast clouds,91,Tuyen Quang,1017,291.25,291.03,0.9
659ebe6df1049a28ecb2ba9c,291.03,291.03,1704843396,10-01-24 15:57,1704882629,overcast clouds,92,Thai Nguyen,1017,291.28,291.03,1.56
659ebec7f1049a28ecb2ba9d,289.12,289.12,1704843459,10-01-24 15:59,1704882571,overcast clouds,97,Bac Kan,1018,289.31,289.12,0.96
659ebf22f1049a28ecb2ba9e,298.07,298.07,1704842263,10-01-24 16:00,1704884095,broken clouds,81,Ca Mau,1011,298.73,298.07,3.15
659ebf7cf1049a28ecb2ba9f,298.49,298.49,1704842135,10-01-24 16:02,1704883947,scattered clouds,83,Bac Lieu,1011,299.25,298.49,6.1
659ebfd6f1049a28ecb2baa0,298.49,298.49,1704842362,10-01-24 16:03,1704884028,overcast clouds,74,Rach Gia,1011,299.01,298.49,4.01
659ec030f1049a28ecb2baa1,297.97,297.97,1704842106,10-01-24 16:05,1704883854,scattered clouds,82,Soc Trang,1011,298.65,297.97,4.37
659ec08bf1049a28ecb2baa2,299.12,299.12,1704842319,10-01-24 16:06,1704883911,overcast clouds,78,Long Xuyen,1011,299.12,299.12,3.45
659ec0e5f1049a28ecb2baa3,299.14,299.14,1704842196,10-01-24 16:08,1704883858,few clouds,83,Can Tho,1011,299.14,299.14,1.54
659ec140f1049a28ecb2baa4,299.14,299.14,1704842174,10-01-24 16:09,1704883792,overcast clouds,79,Vinh Long,1011,299.14,299.14,3.29
659ec19af1049a28ecb2baa5,299.12,299.12,1704842274,10-01-24 16:11,1704883852,overcast clouds,79,Cao Lanh,1011,299.12,299.12,3.67
659ec1f5f1049a28ecb2baa6,298.93,298.93,1704842072,10-01-24 16:12,1704883694,broken clouds,72,Ben Tre,1011,299.44,298.93,3.88
659ec24ff1049a28ecb2baa7,298.51,298.51,1704842051,10-01-24 16:14,1704883733,scattered clouds,77,Tra Vinh,1011,299.11,298.51,4.4
659ec2a9f1049a28ecb2baa8,299,299,1704842092,10-01-24 16:15,1704883690,overcast clouds,71,My Tho,1011,299.49,299,4.09
659ec304f1049a28ecb2baa9,301.16,301.16,1704842094,10-01-24 16:17,1704883656,overcast clouds,69,Tan An,1010,303.7,301.16,4.78
659ec35ef1049a28ecb2baaa,301.16,301.16,1704842056,10-01-24 16:18,1704883574,scattered clouds,65,Ho Chi Minh City,1011,303.2,301.16,3.09
659ec3b8f1049a28ecb2baab,301.18,301.18,1704842081,10-01-24 16:20,1704883556,scattered clouds,65,Thu Dau Mot,1011,303.23,301.18,3.09
659ec412f1049a28ecb2baac,298.72,298.72,1704842237,10-01-24 16:21,1704883649,overcast clouds,70,Phu Khuong,1010,299.16,298.72,2.64
659ec46df1049a28ecb2baad,296.83,296.83,1704842182,10-01-24 16:23,1704883479,overcast clouds,71,Loc Ninh,1011,297.11,296.83,0.82
659ec4c7f1049a28ecb2baae,301.14,301.14,1704842040,10-01-24 16:24,1704883518,overcast clouds,65,Bien Hoa,1010,303.16,301.14,2
659ec521f1049a28ecb2baaf,299.63,299.63,1704841915,10-01-24 16:26,1704883514,overcast clouds,74,Vung Tau,1010,299.63,299.63,10.18
659ec57cf1049a28ecb2bab0,296.77,296.77,1704841730,10-01-24 16:27,1704883212,overcast clouds,80,Phan Thiet,1011,297.28,296.77,4.17
659ec5d6f1049a28ecb2bab1,286.53,286.53,1704841750,10-01-24 16:29,1704883027,overcast clouds,97,Da Lat,1016,286.46,286.53,1.35
659ec630f1049a28ecb2bab2,292.98,292.98,1704841917,10-01-24 16:30,1704883048,overcast clouds,82,Buon Ma Thuot,1013,293.16,292.98,3.72
659ec68af1049a28ecb2bab3,295.34,295.34,1704841582,10-01-24 16:32,1704882936,broken clouds,84,Phan Rang-Thap Cham,1013,295.81,295.34,3.33
659ec6e5f1049a28ecb2bab4,298.15,298.15,1704841603,10-01-24 16:33,1704882819,overcast clouds,91,Nha Trang,1014,299.08,298.15,2.9
659ec73ff1049a28ecb2bab5,288.79,288.79,1704842064,10-01-24 16:35,1704882926,overcast clouds,96,Pleiku,1014,288.92,288.79,2.3
659ec799f1049a28ecb2bab6,289.43,289.43,1704842102,10-01-24 16:36,1704882888,scattered clouds,97,Kon Tum,1015,289.65,289.43,1.38
659ec7f3f1049a28ecb2bab7,296.4,296.4,1704841660,10-01-24 16:38,1704882706,broken clouds,90,Tuy Hoa,1014,297.13,296.4,4.29
659ec84ef1049a28ecb2bab8,296.71,296.71,1704841745,10-01-24 16:39,1704882652,overcast clouds,85,Quy Nhon,1014,297.34,296.71,5.57
659ec8a8f1049a28ecb2bab9,297.14,297.14,1704842227,10-01-24 16:41,1704882656,scattered clouds,78,Turan,1015,297.63,297.14,2.57
659ec902f1049a28ecb2baba,295.37,295.37,1704841989,10-01-24 16:42,1704882617,overcast clouds,90,Quang Ngai,1015,296,295.37,2.1
659ec95df1049a28ecb2babb,297.13,297.13,1704842180,10-01-24 16:44,1704882649,overcast clouds,85,Hoi An,1015,297.8,297.13,4.35
659ec9b7f1049a28ecb2babc,297.21,297.21,1704842418,10-01-24 16:45,1704882764,broken clouds,78,Hue,1015,297.71,297.21,5.14
659eca11f1049a28ecb2babd,294.62,294.62,1704842544,10-01-24 16:47,1704882830,scattered clouds,91,Quang Tri,1015,295.2,294.62,4.07
659eca6bf1049a28ecb2babe,295.28,295.28,1704842766,10-01-24 16:48,1704882896,broken clouds,91,Kwang Binh,1015,295.92,295.28,4.78
659ecac6f1049a28ecb2babf,294.47,294.47,1704843025,10-01-24 16:50,1704882973,broken clouds,91,Ha Tinh,1015,295.03,294.47,0.57
659ecb20f1049a28ecb2bac0,294.6,294.6,1704843117,10-01-24 16:51,1704882993,overcast clouds,91,Vinh,1015,295.18,294.6,0.86
659ecb7af1049a28ecb2bac1,293.16,293.16,1704843216,10-01-24 16:53,1704882846,overcast clouds,93,Thanh Hoa,1016,293.64,293.16,3.71
659ecbd4f1049a28ecb2bac2,292.57,292.57,1704843216,10-01-24 16:54,1704882746,overcast clouds,92,Ninh Binh,1016,292.97,292.57,3.71
659ecc2ff1049a28ecb2bac3,292.47,292.47,1704843187,10-01-24 16:56,1704882682,overcast clouds,90,Nam Dinh,1016,292.81,292.47,4.46
659ecc89f1049a28ecb2bac4,292.47,292.47,1704843151,10-01-24 16:57,1704882639,overcast clouds,89,Thai Binh,1016,292.78,292.47,5.56
659ecce3f1049a28ecb2bac5,292.44,292.44,1704843262,10-01-24 16:59,1704882729,overcast clouds,90,Phu Ly,1016,292.77,292.44,2.45
659ecd3df1049a28ecb2bac6,292.49,292.49,1704929646,10-01-24 17:00,1704969120,overcast clouds,86,Hung Yen,1016,292.73,292.49,3.31
659ecd98f1049a28ecb2bac7,293.15,293.15,1704929617,10-01-24 17:02,1704969029,overcast clouds,84,Hai Duong,1016,293.4,293.15,2.71
659ecdf2f1049a28ecb2bac8,293.1,293.1,1704929521,10-01-24 17:03,1704968950,broken clouds,83,Haiphong,1016,293.32,293.1,4.12
659ece4df1049a28ecb2bac9,292.92,292.92,1704929436,10-01-24 17:05,1704968844,overcast clouds,91,Ha Long,1017,293.33,292.92,4.13
659ecea7f1049a28ecb2baca,288.19,288.19,1704929617,10-01-24 17:06,1704968829,overcast clouds,95,Lang Son,1018,288.23,288.19,1.59
659ecf01f1049a28ecb2bacb,288.62,288.62,1704929827,10-01-24 17:08,1704968851,overcast clouds,96,Cao Bang,1018,288.73,288.62,0.41
659ecf5bf1049a28ecb2bacc,291.26,291.26,1704930150,10-01-24 17:09,1704969137,overcast clouds,98,Ha Giang,1017,291.69,291.26,1.09
659ecfb6f1049a28ecb2bacd,292.06,292.06,1704930358,10-01-24 17:11,1704969424,overcast clouds,96,Lao Cai,1016,292.51,292.06,0.91
659ed011f1049a28ecb2bace,288.85,288.85,1704930468,10-01-24 17:12,1704969553,overcast clouds,96,Lai Chau,1015,288.98,288.85,1.25
659ed06bf1049a28ecb2bacf,290.31,290.31,1704930240,10-01-24 17:14,1704969567,broken clouds,95,Son La,1015,290.56,290.31,1.65
659ed0c6f1049a28ecb2bad0,293.78,293.78,1704930459,10-01-24 17:15,1704969771,overcast clouds,83,Dien Bien Phu,1013,294.07,293.78,1.25
659ed120f1049a28ecb2bad1,291.15,291.15,1704929742,10-01-24 17:17,1704969133,overcast clouds,85,Ha Noi,1017,291.22,291.15,2.15
659ed17af1049a28ecb2bad2,292.32,292.32,1704929839,10-01-24 17:18,1704969277,overcast clouds,96,Hoa Binh,1016,292.8,292.32,1.11
659ed1d5f1049a28ecb2bad3,291.12,291.12,1704929871,10-01-24 17:20,1704969201,overcast clouds,90,Viet Tri,1017,291.32,291.12,2.23
659ed22ff1049a28ecb2bad4,291.12,291.12,1704929832,10-01-24 17:21,1704969160,overcast clouds,89,Vinh Yen,1017,291.3,291.12,2.02
659ed289f1049a28ecb2bad5,291.19,291.19,1704929682,10-01-24 17:23,1704969020,overcast clouds,87,Bac Giang,1017,291.32,291.19,2.41
659ed2e3f1049a28ecb2bad6,291.2,291.2,1704929709,10-01-24 17:24,1704969065,overcast clouds,86,Bac Ninh,1017,291.31,291.2,2.33
659f82725903ce0f56e711b0,291.41,291.41,1704930050,10-01-24 17:26,1704969292,overcast clouds,94,Yen Bai,1017,291.75,291.41,0.74
659f82725903ce0f56e711b1,307.04,307.04,1704928680,11-01-24 5:52,1704970526,overcast clouds,44,Ca Mau,1010,309.46,307.04,4.36
659f82725903ce0f56e711b2,303.4,303.4,1704928553,11-01-24 5:53,1704970377,broken clouds,60,Bac Lieu,1010,306.47,303.4,8.04
659f874e5903ce0f56e711ec,306.34,306.34,1704928654,11-01-24 6:13,1704970081,scattered clouds,43,Phu Khuong,1010,307.93,306.34,3.48
659f87515903ce0f56e711ed,308.13,308.13,1704928598,11-01-24 6:14,1704969912,clear sky,32,Loc Ninh,1009,308.23,308.13,2.17
659f87ab5903ce0f56e711ee,306.14,306.14,1704928456,11-01-24 6:16,1704969950,clear sky,43,Bien Hoa,1010,307.59,306.14,2.96
659f88065903ce0f56e711ef,300.25,300.25,1704928332,11-01-24 6:17,1704969946,few clouds,73,Vung Tau,1011,302.44,300.25,6.45
659f88605903ce0f56e711f0,303.22,303.22,1704928147,11-01-24 6:19,1704969644,scattered clouds,56,Phan Thiet,1011,305.34,303.22,7.59
659f88ba5903ce0f56e711f1,298.74,298.74,1704928166,11-01-24 6:20,1704969460,scattered clouds,39,Da Lat,1012,298.37,298.74,0.8
659f89155903ce0f56e711f2,302.24,302.24,1704928332,11-01-24 6:22,1704969482,broken clouds,44,Buon Ma Thuot,1012,302.24,302.24,4.04
659f896f5903ce0f56e711f3,302.69,302.69,1704927998,11-01-24 6:23,1704969368,broken clouds,52,Phan Rang-Thap Cham,1012,303.83,302.69,7.63
659f89c95903ce0f56e711f4,302.15,302.15,1704928018,11-01-24 6:25,1704969252,broken clouds,70,Nha Trang,1014,305.88,302.15,5.83
659f8a235903ce0f56e711f5,301.82,301.82,1704928478,11-01-24 6:26,1704969360,overcast clouds,40,Pleiku,1012,301.43,301.82,2.48
659f8a7e5903ce0f56e711f6,302.53,302.53,1704928516,11-01-24 6:28,1704969323,broken clouds,43,Kon Tum,1013,302.46,302.53,2.26
659f8ad85903ce0f56e711f7,298.22,298.22,1704928074,11-01-24 6:29,1704969139,overcast clouds,73,Tuy Hoa,1015,298.69,298.22,5.4
659f8b335903ce0f56e711f8,297.79,297.79,1704928160,11-01-24 6:31,1704969086,overcast clouds,73,Quy Nhon,1014,298.22,297.79,5.29
659f8b8d5903ce0f56e711f9,298.14,298.14,1704928640,11-01-24 6:32,1704969092,broken clouds,73,Turan,1016,298.6,298.14,4.12
659f8be75903ce0f56e711fa,296.6,296.6,1704928402,11-01-24 6:34,1704969052,overcast clouds,80,Quang Ngai,1015,297.09,296.6,1.72
659f8c415903ce0f56e711fb,298.13,298.13,1704928593,11-01-24 6:35,1704969084,overcast clouds,80,Hoi An,1015,298.77,298.13,2.77
659f8c9c5903ce0f56e711fc,299.21,299.21,1704928830,11-01-24 6:37,1704969200,broken clouds,69,Hue,1015,299.21,299.21,6.69
659f8cf65903ce0f56e711fd,296.86,296.86,1704928956,11-01-24 6:38,1704969266,overcast clouds,79,Quang Tri,1014,297.35,296.86,5.62
659f8d505903ce0f56e711fe,296.16,296.16,1704929177,11-01-24 6:40,1704969333,overcast clouds,84,Kwang Binh,1015,296.71,296.16,5.01
659f8daa5903ce0f56e711ff,298.1,298.1,1704929435,11-01-24 6:41,1704969411,broken clouds,75,Ha Tinh,1014,298.61,298.1,4
659f8e055903ce0f56e71200,297.81,297.81,1704929527,11-01-24 6:43,1704969431,broken clouds,77,Vinh,1014,298.34,297.81,4.42
659f8e5f5903ce0f56e71201,297.01,297.01,1704929625,11-01-24 6:44,1704969285,overcast clouds,76,Thanh Hoa,1014,297.44,297.01,3.25
659f8eb95903ce0f56e71202,294.41,294.41,1704929625,11-01-24 6:46,1704969186,overcast clouds,87,Ninh Binh,1015,294.86,294.41,2.18
659f8f145903ce0f56e71203,293.3,293.3,1704929597,11-01-24 6:47,1704969122,overcast clouds,89,Nam Dinh,1015,293.69,293.3,4.83
659f8f6e5903ce0f56e71204,293.08,293.08,1704929560,11-01-24 6:49,1704969078,overcast clouds,89,Thai Binh,1015,293.45,293.08,6.6
659f8fc85903ce0f56e71205,292.66,292.66,1704929671,11-01-24 6:50,1704969169,overcast clouds,91,Phu Ly,1015,293.04,292.66,2.56
659f90225903ce0f56e71206,292.62,292.62,1704929646,11-01-24 6:52,1704969120,overcast clouds,89,Hung Yen,1015,292.95,292.62,3.27
659f907d5903ce0f56e71207,293.15,293.15,1704929617,11-01-24 6:53,1704969029,overcast clouds,87,Hai Duong,1015,293.48,293.15,2.88
659f90d75903ce0f56e71208,293.1,293.1,1704929521,11-01-24 6:55,1704968950,overcast clouds,88,Haiphong,1016,293.45,293.1,4.63
659f91315903ce0f56e71209,292.92,292.92,1704929436,11-01-24 6:56,1704968844,overcast clouds,92,Ha Long,1016,293.35,292.92,4.65
659f918c5903ce0f56e7120a,288.91,288.91,1704929617,11-01-24 6:58,1704968829,overcast clouds,94,Lang Son,1017,289,288.91,2.12
659f91e65903ce0f56e7120b,289.36,289.36,1704929827,11-01-24 6:59,1704968851,overcast clouds,95,Cao Bang,1017,289.52,289.36,0.91
659f92405903ce0f56e7120c,291.46,291.46,1704930150,11-01-24 7:01,1704969137,overcast clouds,98,Ha Giang,1016,291.91,291.46,0.63
659f929b5903ce0f56e7120d,292.88,292.88,1704930358,11-01-24 7:02,1704969424,overcast clouds,93,Lao Cai,1015,293.34,292.88,0.79
659f92f55903ce0f56e7120e,295.36,295.36,1704930468,11-01-24 7:04,1704969553,scattered clouds,68,Lai Chau,1013,295.41,295.36,1.59
659f934f5903ce0f56e7120f,296.9,296.9,1704930240,11-01-24 7:05,1704969567,broken clouds,64,Son La,1012,297,296.9,1.71
659f93a95903ce0f56e71210,303.19,303.19,1704930459,11-01-24 7:07,1704969771,broken clouds,40,Dien Bien Phu,1010,302.89,303.19,2.06
659f94045903ce0f56e71211,290.15,290.15,1704929742,11-01-24 7:08,1704969133,overcast clouds,91,Ha Noi,1016,290.28,290.15,2.27
659f945e5903ce0f56e71212,292.5,292.5,1704929839,11-01-24 7:10,1704969277,overcast clouds,96,Hoa Binh,1015,293,292.5,1.37
659f94b85903ce0f56e71213,290.12,290.12,1704929871,11-01-24 7:11,1704969201,overcast clouds,92,Viet Tri,1016,290.27,290.12,2.14
659f95125903ce0f56e71214,290.12,290.12,1704929832,11-01-24 7:13,1704969160,overcast clouds,91,Vinh Yen,1016,290.25,290.12,2.11
659f956d5903ce0f56e71215,290.19,290.19,1704929682,11-01-24 7:14,1704969020,overcast clouds,90,Bac Giang,1016,290.3,290.19,2.14
659f95c75903ce0f56e71216,290.2,290.2,1704929709,11-01-24 7:16,1704969065,overcast clouds,90,Bac Ninh,1016,290.31,290.2,2.35
659f96215903ce0f56e71217,291.72,291.72,1704930050,11-01-24 7:17,1704969292,overcast clouds,94,Yen Bai,1016,292.09,291.72,1.05
659f967c5903ce0f56e71218,291.34,291.34,1704929980,11-01-24 7:19,1704969194,overcast clouds,91,Tuyen Quang,1016,291.59,291.34,0.94
659f96d65903ce0f56e71219,290.03,290.03,1704929804,11-01-24 7:20,1704969069,overcast clouds,93,Thai Nguyen,1016,290.2,290.03,1.38
659f97305903ce0f56e7121a,289.75,289.75,1704929867,11-01-24 7:22,1704969011,overcast clouds,97,Bac Kan,1016,290,289.75,0.89
659f978a5903ce0f56e7121b,306.96,306.96,1704928680,11-01-24 7:23,1704970526,overcast clouds,44,Ca Mau,1009,309.31,306.96,5.14
659f97e55903ce0f56e7121c,302.33,302.33,1704928553,11-01-24 7:25,1704970377,broken clouds,63,Bac Lieu,1010,304.99,302.33,8.48
659f983f5903ce0f56e7121d,304.45,304.45,1704928780,11-01-24 7:26,1704970459,few clouds,54,Rach Gia,1009,307.15,304.45,1.55
659f98995903ce0f56e7121e,304.27,304.27,1704928523,11-01-24 7:28,1704970285,overcast clouds,53,Soc Trang,1009,306.6,304.27,4.94
659f98f45903ce0f56e7121f,305.12,305.12,1704928736,11-01-24 7:29,1704970342,scattered clouds,49,Long Xuyen,1009,307.22,305.12,2.48
659f994e5903ce0f56e71220,305.14,305.14,1704928613,11-01-24 7:31,1704970289,scattered clouds,66,Can Tho,1010,312.12,305.14,3.09
659f99a85903ce0f56e71221,305.14,305.14,1704928591,11-01-24 7:32,1704970224,overcast clouds,47,Vinh Long,1008,306.81,305.14,2.62
659f9a025903ce0f56e71222,305.12,305.12,1704928691,11-01-24 7:34,1704970284,broken clouds,47,Cao Lanh,1009,306.77,305.12,1.85
659f9a5d5903ce0f56e71223,306.94,306.94,1704928489,11-01-24 7:35,1704970125,broken clouds,43,Ben Tre,1008,309,306.94,2.53
659f9ab75903ce0f56e71224,304.54,304.54,1704928468,11-01-24 7:37,1704970164,broken clouds,53,Tra Vinh,1009,307.09,304.54,3.98
659f9b115903ce0f56e71225,307.35,307.35,1704928509,11-01-24 7:38,1704970122,broken clouds,41,My Tho,1008,309.19,307.35,2.13
659f9b6b5903ce0f56e71226,306.16,306.16,1704928511,11-01-24 7:40,1704970087,broken clouds,41,Tan An,1008,307.17,306.16,1.7
659f9bc65903ce0f56e71227,306.16,306.16,1704928472,11-01-24 7:41,1704970006,scattered clouds,49,Ho Chi Minh City,1010,309.18,306.16,2.06
659f9c205903ce0f56e71228,306.18,306.18,1704928498,11-01-24 7:43,1704969988,scattered clouds,49,Thu Dau Mot,1010,309.21,306.18,2.06
659f9c7a5903ce0f56e71229,307.53,307.53,1704928654,11-01-24 7:44,1704970081,broken clouds,37,Phu Khuong,1008,308.46,307.53,1.14
659f9cd45903ce0f56e7122a,308.93,308.93,1704928598,11-01-24 7:46,1704969912,clear sky,28,Loc Ninh,1008,308.52,308.93,1.84
659f9d2f5903ce0f56e7122b,307.14,307.14,1704928456,11-01-24 7:47,1704969950,few clouds,38,Bien Hoa,1008,308.07,307.14,1.53
659f9d895903ce0f56e7122c,300.27,300.27,1704928332,11-01-24 7:49,1704969946,broken clouds,74,Vung Tau,1009,302.57,300.27,7.63
659f9de35903ce0f56e7122d,301.71,301.71,1704928147,11-01-24 7:50,1704969644,few clouds,61,Phan Thiet,1010,303.6,301.71,8.12
659f9e3d5903ce0f56e7122e,297.9,297.9,1704928166,11-01-24 7:52,1704969460,broken clouds,44,Da Lat,1011,297.58,297.9,0.55
659f9e985903ce0f56e7122f,301.18,301.18,1704928332,11-01-24 7:54,1704969482,overcast clouds,47,Buon Ma Thuot,1011,301.37,301.18,4.26
659f9ef25903ce0f56e71230,301.29,301.29,1704927998,11-01-24 7:55,1704969368,overcast clouds,58,Phan Rang-Thap Cham,1011,302.58,301.29,7.62
659f9f4c5903ce0f56e71231,302.15,302.15,1704928018,11-01-24 7:57,1704969252,broken clouds,75,Nha Trang,1013,306.84,302.15,5.76
659f9fa75903ce0f56e71232,301.66,301.66,1704928478,11-01-24 7:58,1704969360,overcast clouds,40,Pleiku,1011,301.28,301.66,2.87
659fa0015903ce0f56e71233,302.15,302.15,1704928516,11-01-24 8:00,1704969323,overcast clouds,43,Kon Tum,1011,302.04,302.15,2.38
659fa05b5903ce0f56e71234,297.72,297.72,1704928074,11-01-24 8:01,1704969139,broken clouds,76,Tuy Hoa,1014,298.22,297.72,5.27
659fa0b65903ce0f56e71235,297.61,297.61,1704928160,11-01-24 8:03,1704969086,overcast clouds,73,Quy Nhon,1014,298.02,297.61,5.09
659fa1105903ce0f56e71236,298.14,298.14,1704928640,11-01-24 8:04,1704969092,broken clouds,73,Turan,1015,298.6,298.14,3.6
659fa16c5903ce0f56e71237,296.54,296.54,1704928402,11-01-24 8:06,1704969052,overcast clouds,81,Quang Ngai,1015,297.05,296.54,1.82
659fa1c65903ce0f56e71238,298.13,298.13,1704928593,11-01-24 8:07,1704969084,overcast clouds,80,Hoi An,1015,298.77,298.13,2.71
659fa2205903ce0f56e71239,300.21,300.21,1704928830,11-01-24 8:09,1704969200,few clouds,69,Hue,1014,302.02,300.21,6.17
659fa27b5903ce0f56e7123a,296.72,296.72,1704928956,11-01-24 8:10,1704969266,overcast clouds,80,Quang Tri,1014,297.22,296.72,5.44
659fa2d55903ce0f56e7123b,296.3,296.3,1704929177,11-01-24 8:12,1704969333,overcast clouds,84,Kwang Binh,1014,296.86,296.3,5.03
659fa32f5903ce0f56e7123c,297.85,297.85,1704929435,11-01-24 8:13,1704969411,broken clouds,75,Ha Tinh,1013,298.33,297.85,4.17
659fa38a5903ce0f56e7123d,297.45,297.45,1704929527,11-01-24 8:15,1704969431,broken clouds,79,Vinh,1013,298,297.45,4.67
659fa3e45903ce0f56e7123e,296.61,296.61,1704929625,11-01-24 8:16,1704969285,overcast clouds,78,Thanh Hoa,1014,297.05,296.61,3.37
659fa43e5903ce0f56e7123f,294.27,294.27,1704929625,11-01-24 8:18,1704969186,overcast clouds,88,Ninh Binh,1014,294.74,294.27,2.73
659fa4995903ce0f56e71240,293.16,293.16,1704929597,11-01-24 8:19,1704969122,overcast clouds,90,Nam Dinh,1015,293.57,293.16,5.28
659fa4f35903ce0f56e71241,292.95,292.95,1704929560,11-01-24 8:21,1704969078,overcast clouds,90,Thai Binh,1015,293.34,292.95,6.86
659fa54d5903ce0f56e71242,292.55,292.55,1704929671,11-01-24 8:22,1704969169,overcast clouds,91,Phu Ly,1015,292.92,292.55,2.78
659fa5a85903ce0f56e71243,292.54,292.54,1704929646,11-01-24 8:24,1704969120,overcast clouds,89,Hung Yen,1015,292.86,292.54,3.44
659fa6025903ce0f56e71244,293.15,293.15,1704929617,11-01-24 8:25,1704969029,overcast clouds,87,Hai Duong,1015,293.48,293.15,2.95
659fa65c5903ce0f56e71245,293.1,293.1,1704929521,11-01-24 8:27,1704968950,overcast clouds,83,Haiphong,1015,293.32,293.1,5.66
659fa6b65903ce0f56e71246,292.92,292.92,1704929436,11-01-24 8:28,1704968844,overcast clouds,92,Ha Long,1016,293.35,292.92,4.79
659fa7115903ce0f56e71247,288.82,288.82,1704929617,11-01-24 8:30,1704968829,overcast clouds,95,Lang Son,1017,288.92,288.82,1.54
659fa76b5903ce0f56e71248,289.54,289.54,1704929827,11-01-24 8:31,1704968851,overcast clouds,93,Cao Bang,1017,289.66,289.54,0.92
659fa7c55903ce0f56e71249,291.43,291.43,1704930150,11-01-24 8:33,1704969137,overcast clouds,98,Ha Giang,1016,291.87,291.43,0.6
659fa8205903ce0f56e7124a,292.52,292.52,1704930358,11-01-24 8:34,1704969424,overcast clouds,94,Lao Cai,1015,292.97,292.52,0.76
659fa87b5903ce0f56e7124b,295,295,1704930468,11-01-24 8:36,1704969553,scattered clouds,68,Lai Chau,1012,295.02,295,1.19
659fa8d55903ce0f56e7124c,295.59,295.59,1704930240,11-01-24 8:37,1704969567,broken clouds,69,Son La,1012,295.69,295.59,2.4
659fa9305903ce0f56e7124d,298.72,298.72,1704930459,11-01-24 8:39,1704969771,overcast clouds,56,Dien Bien Phu,1010,298.79,298.72,0.92
659fa98a5903ce0f56e7124e,291.15,291.15,1704929742,11-01-24 8:40,1704969133,overcast clouds,91,Ha Noi,1015,291.38,291.15,2.72
659fa9e45903ce0f56e7124f,292.16,292.16,1704929839,11-01-24 8:42,1704969277,overcast clouds,96,Hoa Binh,1015,292.62,292.16,1.28
659faa3f5903ce0f56e71250,290.12,290.12,1704929871,11-01-24 8:43,1704969201,overcast clouds,91,Viet Tri,1016,290.25,290.12,1.97
659faa995903ce0f56e71251,290.12,290.12,1704929832,11-01-24 8:45,1704969160,overcast clouds,90,Vinh Yen,1016,290.22,290.12,2.02
659faaf45903ce0f56e71252,290.19,290.19,1704929682,11-01-24 8:46,1704969020,overcast clouds,91,Bac Giang,1016,290.33,290.19,2.89
659fab4e5903ce0f56e71253,290.2,290.2,1704929709,11-01-24 8:48,1704969065,overcast clouds,91,Bac Ninh,1016,290.34,290.2,3.05
659faba85903ce0f56e71254,291.55,291.55,1704930050,11-01-24 8:49,1704969292,overcast clouds,95,Yen Bai,1016,291.93,291.55,0.91
659fac035903ce0f56e71255,291.1,291.1,1704929980,11-01-24 8:51,1704969194,overcast clouds,93,Tuyen Quang,1016,291.38,291.1,0.81
659fac5d5903ce0f56e71256,290.03,290.03,1704929804,11-01-24 8:52,1704969069,overcast clouds,93,Thai Nguyen,1016,290.2,290.03,1.43
659facb75903ce0f56e71257,289.55,289.55,1704929867,11-01-24 8:54,1704969011,overcast clouds,98,Bac Kan,1016,289.8,289.55,0.97
659fad115903ce0f56e71258,303.39,303.39,1704928680,11-01-24 8:55,1704970526,overcast clouds,57,Ca Mau,1009,305.83,303.39,5.89
659fad6c5903ce0f56e71259,301.23,301.23,1704928553,11-01-24 8:57,1704970377,scattered clouds,68,Bac Lieu,1009,303.7,301.23,8.33
659fadc65903ce0f56e7125a,305.13,305.13,1704928780,11-01-24 8:58,1704970459,few clouds,53,Rach Gia,1008,308.22,305.13,1.92
659fae215903ce0f56e7125b,302.85,302.85,1704928523,11-01-24 9:00,1704970285,broken clouds,60,Soc Trang,1009,305.42,302.85,5.6
659fae7b5903ce0f56e7125c,305.12,305.12,1704928736,11-01-24 9:01,1704970342,scattered clouds,47,Long Xuyen,1008,306.77,305.12,1.68
659faed55903ce0f56e7125d,305.14,305.14,1704928613,11-01-24 9:03,1704970289,scattered clouds,62,Can Tho,1010,310.82,305.14,2.57
659faf305903ce0f56e7125e,305.14,305.14,1704928591,11-01-24 9:04,1704970224,overcast clouds,49,Vinh Long,1008,307.26,305.14,2.64
659faf8a5903ce0f56e7125f,305.12,305.12,1704928691,11-01-24 9:06,1704970284,broken clouds,46,Cao Lanh,1008,306.55,305.12,1.23
659fafe55903ce0f56e71260,305.34,305.34,1704928489,11-01-24 9:07,1704970125,broken clouds,49,Ben Tre,1008,307.62,305.34,3.08
659fb03f5903ce0f56e71261,302.83,302.83,1704928468,11-01-24 9:09,1704970164,broken clouds,60,Tra Vinh,1009,305.38,302.83,4.77
659fb0995903ce0f56e71262,305.98,305.98,1704928509,11-01-24 9:10,1704970122,broken clouds,46,My Tho,1008,308.04,305.98,2.57
659fb0f35903ce0f56e71263,307.16,307.16,1704928511,11-01-24 9:12,1704970087,scattered clouds,48,Tan An,1008,310.91,307.16,2.92
659fb14e5903ce0f56e71264,307.16,307.16,1704928472,11-01-24 9:13,1704970006,broken clouds,43,Ho Chi Minh City,1009,309.4,307.16,1.54
659fb1a85903ce0f56e71265,305.18,305.18,1704928498,11-01-24 9:15,1704969988,broken clouds,58,Thu Dau Mot,1009,309.7,305.18,2.57
659fb2025903ce0f56e71266,307.53,307.53,1704928654,11-01-24 9:16,1704970081,broken clouds,36,Phu Khuong,1008,308.22,307.53,1
659fb25d5903ce0f56e71267,306.08,306.08,1704928598,11-01-24 9:18,1704969912,clear sky,29,Loc Ninh,1007,304.93,306.08,2.21
659fb2b75903ce0f56e71268,305.14,305.14,1704928456,11-01-24 9:19,1704969950,few clouds,39,Bien Hoa,1008,305.24,305.14,0.61
659fb3115903ce0f56e71269,299.66,299.66,1704928332,11-01-24 9:21,1704969946,broken clouds,76,Vung Tau,1009,299.66,299.66,8.98
659fb36b5903ce0f56e7126a,300.74,300.74,1704928147,11-01-24 9:22,1704969644,clear sky,64,Phan Thiet,1010,302.4,300.74,7.95
659fb3c55903ce0f56e7126b,295.19,295.19,1704928166,11-01-24 9:24,1704969460,broken clouds,58,Da Lat,1012,294.96,295.19,0.98
659fb4205903ce0f56e7126c,299.74,299.74,1704928332,11-01-24 9:25,1704969482,broken clouds,52,Buon Ma Thuot,1012,299.74,299.74,4.32
659fb47a5903ce0f56e7126d,300.12,300.12,1704927998,11-01-24 9:27,1704969368,overcast clouds,62,Phan Rang-Thap Cham,1011,301.34,300.12,7.32
659fb4d45903ce0f56e7126e,300.15,300.15,1704928018,11-01-24 9:28,1704969252,broken clouds,76,Nha Trang,1013,302.52,300.15,5.82
659fb52f5903ce0f56e7126f,297.33,297.33,1704928478,11-01-24 9:30,1704969360,broken clouds,58,Pleiku,1012,297.32,297.33,4.27
659fb5895903ce0f56e71270,298.95,298.95,1704928516,11-01-24 9:31,1704969323,broken clouds,56,Kon Tum,1012,299.05,298.95,2.91
659fb5e35903ce0f56e71271,296.4,296.4,1704928074,11-01-24 9:33,1704969139,broken clouds,82,Tuy Hoa,1014,296.92,296.4,3.84
659fb63d5903ce0f56e71272,296.67,296.67,1704928160,11-01-24 9:34,1704969086,broken clouds,79,Quy Nhon,1014,297.14,296.67,4.92
659fb6985903ce0f56e71273,298.14,298.14,1704928640,11-01-24 9:36,1704969092,broken clouds,73,Turan,1015,298.6,298.14,3.6
659fb6f25903ce0f56e71274,295.94,295.94,1704928402,11-01-24 9:37,1704969052,overcast clouds,84,Quang Ngai,1015,296.47,295.94,1.92
659fb74d5903ce0f56e71275,298.13,298.13,1704928593,11-01-24 9:39,1704969084,overcast clouds,82,Hoi An,1015,298.82,298.13,3.05
659fb7a75903ce0f56e71276,299.21,299.21,1704928830,11-01-24 9:40,1704969200,few clouds,73,Hue,1013,299.21,299.21,7.2
659fb8015903ce0f56e71277,295.77,295.77,1704928956,11-01-24 9:42,1704969266,broken clouds,84,Quang Tri,1014,296.28,295.77,5.03
659fb85b5903ce0f56e71278,295.86,295.86,1704929177,11-01-24 9:43,1704969333,overcast clouds,85,Kwang Binh,1015,296.41,295.86,4.92
659fb8b65903ce0f56e71279,296.63,296.63,1704929435,11-01-24 9:45,1704969411,broken clouds,81,Ha Tinh,1014,297.15,296.63,3.5
659fb9105903ce0f56e7127a,296.41,296.41,1704929527,11-01-24 9:46,1704969431,broken clouds,84,Vinh,1014,296.98,296.41,4.66
659fb96a5903ce0f56e7127b,295.51,295.51,1704929625,11-01-24 9:48,1704969285,overcast clouds,84,Thanh Hoa,1015,295.99,295.51,2.7
659fb9c55903ce0f56e7127c,293.11,293.11,1704929625,11-01-24 9:49,1704969186,overcast clouds,93,Ninh Binh,1015,293.59,293.11,4.37
659fba1f5903ce0f56e7127d,292.6,292.6,1704929597,11-01-24 9:51,1704969122,overcast clouds,91,Nam Dinh,1015,292.98,292.6,5.84
659fba795903ce0f56e7127e,292.5,292.5,1704929560,11-01-24 9:52,1704969078,overcast clouds,90,Thai Binh,1015,292.84,292.5,6.89
659fbad35903ce0f56e7127f,292.25,292.25,1704929671,11-01-24 9:54,1704969169,overcast clouds,92,Phu Ly,1015,292.62,292.25,2.8
659fbb2e5903ce0f56e71280,292.21,292.21,1704929646,11-01-24 9:55,1704969120,overcast clouds,89,Hung Yen,1016,292.5,292.21,3.37
659fbb885903ce0f56e71281,292.15,292.15,1704929617,11-01-24 9:57,1704969029,overcast clouds,88,Hai Duong,1016,292.4,292.15,2.02
659fbbe25903ce0f56e71282,292.1,292.1,1704929521,11-01-24 9:58,1704968950,overcast clouds,88,Haiphong,1015,292.35,292.1,5.14
659fbc3c5903ce0f56e71283,291.92,291.92,1704929436,11-01-24 10:00,1704968844,overcast clouds,91,Ha Long,1016,292.23,291.92,4.45
659fbc975903ce0f56e71284,288.57,288.57,1704929617,11-01-24 10:01,1704968829,overcast clouds,96,Lang Son,1017,288.67,288.57,1.5
659fbcf15903ce0f56e71285,289.08,289.08,1704929827,11-01-24 10:03,1704968851,overcast clouds,96,Cao Bang,1017,289.24,289.08,0.77
659fbd4b5903ce0f56e71286,291.33,291.33,1704930150,11-01-24 10:04,1704969137,overcast clouds,99,Ha Giang,1016,291.79,291.33,0.59
659fbda55903ce0f56e71287,292.1,292.1,1704930358,11-01-24 10:06,1704969424,overcast clouds,96,Lao Cai,1015,292.56,292.1,0.8
659fbe005903ce0f56e71288,292.83,292.83,1704930468,11-01-24 10:08,1704969553,scattered clouds,81,Lai Chau,1012,292.97,292.83,1.35
659fbe5b5903ce0f56e71289,293.25,293.25,1704930240,11-01-24 10:09,1704969567,broken clouds,81,Son La,1013,293.43,293.25,2.29
659fbeb55903ce0f56e7128a,297.67,297.67,1704930459,11-01-24 10:11,1704969771,overcast clouds,62,Dien Bien Phu,1010,297.8,297.67,1.02
659fbf105903ce0f56e7128b,290.15,290.15,1704929742,11-01-24 10:12,1704969133,overcast clouds,92,Ha Noi,1016,290.31,290.15,2.43
659fbf6b5903ce0f56e7128c,292.02,292.02,1704929839,11-01-24 10:14,1704969277,overcast clouds,97,Hoa Binh,1016,292.5,292.02,1.31
659fbfc55903ce0f56e7128d,290.12,290.12,1704929871,11-01-24 10:15,1704969201,overcast clouds,91,Viet Tri,1016,290.25,290.12,1.91
659fc0205903ce0f56e7128e,290.12,290.12,1704929832,11-01-24 10:17,1704969160,overcast clouds,91,Vinh Yen,1016,290.25,290.12,1.91
659fc07a5903ce0f56e7128f,290.19,290.19,1704929682,11-01-24 10:18,1704969020,overcast clouds,91,Bac Giang,1016,290.33,290.19,2.96
659fc0d45903ce0f56e71290,290.2,290.2,1704929709,11-01-24 10:20,1704969065,overcast clouds,91,Bac Ninh,1016,290.34,290.2,2.83
659fc12f5903ce0f56e71291,291.41,291.41,1704930050,11-01-24 10:21,1704969292,overcast clouds,96,Yen Bai,1016,291.8,291.41,0.98
659fc1895903ce0f56e71292,290.86,290.86,1704929980,11-01-24 10:23,1704969194,overcast clouds,95,Tuyen Quang,1016,291.17,290.86,0.84
659fc1e35903ce0f56e71293,290.03,290.03,1704929804,11-01-24 10:24,1704969069,overcast clouds,93,Thai Nguyen,1016,290.2,290.03,1.37
659fc23e5903ce0f56e71294,289.42,289.42,1704929867,11-01-24 10:26,1704969011,overcast clouds,98,Bac Kan,1017,289.66,289.42,1.08
659fc2985903ce0f56e71295,301.9,301.9,1704928680,11-01-24 10:27,1704970526,broken clouds,62,Ca Mau,1009,304.06,301.9,5.25
659fc2f25903ce0f56e71296,299.97,299.97,1704928553,11-01-24 10:29,1704970377,broken clouds,73,Bac Lieu,1009,301.93,299.97,7.92
659fc34d5903ce0f56e71297,302.84,302.84,1704928780,11-01-24 10:30,1704970459,few clouds,63,Rach Gia,1009,305.97,302.84,1.84
659fc3a75903ce0f56e71298,300.95,300.95,1704928523,11-01-24 10:32,1704970285,overcast clouds,67,Soc Trang,1009,303.08,300.95,5.64
659fc4015903ce0f56e71299,303.12,303.12,1704928736,11-01-24 10:33,1704970342,few clouds,57,Long Xuyen,1009,305.35,303.12,1.65
659fc45c5903ce0f56e7129a,303.14,303.14,1704928613,11-01-24 10:35,1704970289,scattered clouds,70,Can Tho,1010,308.16,303.14,2.06
659fc4b65903ce0f56e7129b,303.14,303.14,1704928591,11-01-24 10:36,1704970224,broken clouds,64,Vinh Long,1009,306.79,303.14,3.21
659fc5105903ce0f56e7129c,303.12,303.12,1704928691,11-01-24 10:38,1704970284,scattered clouds,56,Cao Lanh,1009,305.17,303.12,0.85
659fc56b5903ce0f56e7129d,299.04,299.04,1704928489,11-01-24 10:39,1704970125,broken clouds,74,Ben Tre,1010,299.62,299.04,4.15
659fc5c55903ce0f56e7129e,298.51,298.51,1704928468,11-01-24 10:41,1704970164,broken clouds,77,Tra Vinh,1010,299.11,298.51,4.99
659fc6205903ce0f56e7129f,299.2,299.2,1704928509,11-01-24 10:42,1704970122,broken clouds,74,My Tho,1010,299.2,299.2,4.58
659fc67a5903ce0f56e712a0,302.16,302.16,1704928511,11-01-24 10:44,1704970087,broken clouds,74,Tan An,1010,306.67,302.16,5.6
659fc6d45903ce0f56e712a1,303.16,303.16,1704928472,11-01-24 10:45,1704970006,broken clouds,70,Ho Chi Minh City,1010,308.21,303.16,4.63
659fc72e5903ce0f56e712a2,302.18,302.18,1704928498,11-01-24 10:47,1704969988,scattered clouds,74,Thu Dau Mot,1010,306.72,302.18,4.63
659fc7895903ce0f56e712a3,303.91,303.91,1704928654,11-01-24 10:48,1704970081,broken clouds,45,Phu Khuong,1008,304.5,303.91,3.04
659fc7e35903ce0f56e712a4,302.75,302.75,1704928598,11-01-24 10:50,1704969912,clear sky,43,Loc Ninh,1008,302.72,302.75,1.77
659fc83d5903ce0f56e712a5,302.14,302.14,1704928456,11-01-24 10:51,1704969950,scattered clouds,60,Bien Hoa,1009,304.17,302.14,5.79
659fc8985903ce0f56e712a6,298.41,298.41,1704928332,11-01-24 10:53,1704969946,broken clouds,80,Vung Tau,1010,299.08,298.41,10.52
659fc8f25903ce0f56e712a7,297.83,297.83,1704928147,11-01-24 10:54,1704969644,few clouds,76,Phan Thiet,1010,298.34,297.83,6.52
659fc94c5903ce0f56e712a8,288.96,288.96,1704928166,11-01-24 10:56,1704969460,broken clouds,90,Da Lat,1014,288.95,288.96,1.38
659fc9a65903ce0f56e712a9,294.44,294.44,1704928332,11-01-24 10:57,1704969482,broken clouds,73,Buon Ma Thuot,1013,294.53,294.44,4.11
659fca015903ce0f56e712aa,296.53,296.53,1704927998,11-01-24 10:59,1704969368,overcast clouds,79,Phan Rang-Thap Cham,1012,296.99,296.53,5.28
659fca615903ce0f56e712ab,299.15,299.15,1704928018,11-01-24 11:00,1704969252,overcast clouds,83,Nha Trang,1014,299.15,299.15,5.12
659fcabc5903ce0f56e712ac,293.23,293.23,1704928478,11-01-24 11:02,1704969360,broken clouds,79,Pleiku,1013,293.36,293.23,3.95
659fcb165903ce0f56e712ad,296.01,296.01,1704928516,11-01-24 11:03,1704969323,broken clouds,67,Kon Tum,1013,296.1,296.01,2.57
659fcb705903ce0f56e712ae,295.39,295.39,1704928074,11-01-24 11:05,1704969139,broken clouds,84,Tuy Hoa,1015,295.86,295.39,3.28
659fcbcb5903ce0f56e712af,296.1,296.1,1704928160,11-01-24 11:06,1704969086,broken clouds,81,Quy Nhon,1015,296.57,296.1,4.68
659fcc255903ce0f56e712b0,298.14,298.14,1704928640,11-01-24 11:08,1704969092,broken clouds,73,Turan,1015,298.6,298.14,2.57
659fcc7f5903ce0f56e712b1,295.42,295.42,1704928402,11-01-24 11:09,1704969052,overcast clouds,84,Quang Ngai,1015,295.9,295.42,1.8
659fccd95903ce0f56e712b2,298.13,298.13,1704928593,11-01-24 11:11,1704969084,overcast clouds,83,Hoi An,1015,298.85,298.13,3.21
659fcd345903ce0f56e712b3,297.21,297.21,1704928830,11-01-24 11:12,1704969200,broken clouds,78,Hue,1014,297.71,297.21,5.66
659fcd8e5903ce0f56e712b4,295.48,295.48,1704928956,11-01-24 11:14,1704969266,broken clouds,84,Quang Tri,1015,295.96,295.48,4.8
659fcde85903ce0f56e712b5,295.44,295.44,1704929177,11-01-24 11:15,1704969333,overcast clouds,87,Kwang Binh,1015,296,295.44,4.88
659fce435903ce0f56e712b6,295.18,295.18,1704929435,11-01-24 11:17,1704969411,broken clouds,86,Ha Tinh,1014,295.68,295.18,2.96
659fce9d5903ce0f56e712b7,295.47,295.47,1704929527,11-01-24 11:18,1704969431,broken clouds,87,Vinh,1014,296.03,295.47,4.45
659fcef75903ce0f56e712b8,294.98,294.98,1704929625,11-01-24 11:20,1704969285,overcast clouds,87,Thanh Hoa,1015,295.49,294.98,2.27
659fcf525903ce0f56e712b9,292.79,292.79,1704929625,11-01-24 11:21,1704969186,overcast clouds,93,Ninh Binh,1016,293.24,292.79,4.74
659fcfac5903ce0f56e712ba,292.55,292.55,1704929597,11-01-24 11:23,1704969122,overcast clouds,90,Nam Dinh,1016,292.9,292.55,5.4
659fd0065903ce0f56e712bb,292.57,292.57,1704929560,11-01-24 11:24,1704969078,overcast clouds,90,Thai Binh,1016,292.92,292.57,6.4
659fd0605903ce0f56e712bc,292.13,292.13,1704929671,11-01-24 11:26,1704969169,overcast clouds,92,Phu Ly,1016,292.49,292.13,2.74
659fd0bb5903ce0f56e712bd,292.1,292.1,1704929646,11-01-24 11:27,1704969120,overcast clouds,90,Hung Yen,1016,292.4,292.1,2.92
659fd1155903ce0f56e712be,292.15,292.15,1704929617,11-01-24 11:29,1704969029,overcast clouds,89,Hai Duong,1016,292.43,292.15,1.61
659fd16f5903ce0f56e712bf,292.1,292.1,1704929521,11-01-24 11:30,1704968950,overcast clouds,88,Haiphong,1016,292.35,292.1,4.63
659fd1ca5903ce0f56e712c0,291.92,291.92,1704929436,11-01-24 11:32,1704968844,overcast clouds,91,Ha Long,1017,292.23,291.92,4.51
659fd2245903ce0f56e712c1,288.46,288.46,1704929617,11-01-24 11:33,1704968829,overcast clouds,97,Lang Son,1018,288.58,288.46,1.66
659fd27e5903ce0f56e712c2,288.88,288.88,1704929827,11-01-24 11:35,1704968851,overcast clouds,97,Cao Bang,1019,289.04,288.88,0.75
659fd2d95903ce0f56e712c3,291.21,291.21,1704930150,11-01-24 11:36,1704969137,overcast clouds,99,Ha Giang,1017,291.66,291.21,0.97
659fd3335903ce0f56e712c4,291.82,291.82,1704930358,11-01-24 11:38,1704969424,overcast clouds,97,Lao Cai,1017,292.28,291.82,0.87
659fd38d5903ce0f56e712c5,289.66,289.66,1704930468,11-01-24 11:39,1704969553,scattered clouds,93,Lai Chau,1014,289.79,289.66,1.99
659fd3e85903ce0f56e712c6,290.56,290.56,1704930240,11-01-24 11:41,1704969567,broken clouds,93,Son La,1015,290.78,290.56,2.19
659fd4425903ce0f56e712c7,295.58,295.58,1704930459,11-01-24 11:42,1704969771,overcast clouds,73,Dien Bien Phu,1012,295.78,295.58,1.36
659fd49c5903ce0f56e712c8,290.15,290.15,1704929742,11-01-24 11:44,1704969133,overcast clouds,92,Ha Noi,1017,290.31,290.15,2.03
659fd4f75903ce0f56e712c9,291.83,291.83,1704929839,11-01-24 11:45,1704969277,overcast clouds,97,Hoa Binh,1017,292.29,291.83,1.19
659fd5515903ce0f56e712ca,290.12,290.12,1704929871,11-01-24 11:47,1704969201,overcast clouds,92,Viet Tri,1017,290.27,290.12,1.51
659fd5ab5903ce0f56e712cb,290.12,290.12,1704929832,11-01-24 11:48,1704969160,overcast clouds,91,Vinh Yen,1017,290.25,290.12,1.5
659fd6065903ce0f56e712cc,290.19,290.19,1704929682,11-01-24 11:50,1704969020,overcast clouds,93,Bac Giang,1017,290.38,290.19,3.08
659fd6605903ce0f56e712cd,290.2,290.2,1704929709,11-01-24 11:52,1704969065,overcast clouds,92,Bac Ninh,1017,290.36,290.2,2.51
659fd6ba5903ce0f56e712ce,291.26,291.26,1704930050,11-01-24 11:53,1704969292,overcast clouds,96,Yen Bai,1017,291.63,291.26,0.92
659fd7145903ce0f56e712cf,290.68,290.68,1704929980,11-01-24 11:55,1704969194,overcast clouds,96,Tuyen Quang,1017,291,290.68,0.56
659fd76f5903ce0f56e712d0,290.03,290.03,1704929804,11-01-24 11:56,1704969069,overcast clouds,93,Thai Nguyen,1017,290.2,290.03,1.4
659fd7c95903ce0f56e712d1,289.26,289.26,1704929867,11-01-24 11:58,1704969011,overcast clouds,98,Bac Kan,1018,289.49,289.26,1.12
659fd8235903ce0f56e712d2,298.58,298.58,1704928680,11-01-24 11:59,1704970526,broken clouds,77,Ca Mau,1010,299.19,298.58,3.88
659fd87e5903ce0f56e712d3,298.51,298.51,1704928553,11-01-24 12:01,1704970377,broken clouds,79,Bac Lieu,1011,299.16,298.51,7.57
659fd8d85903ce0f56e712d4,302.22,302.22,1704928780,11-01-24 12:02,1704970459,scattered clouds,63,Rach Gia,1010,304.79,302.22,1.97
659fd9325903ce0f56e712d5,298.11,298.11,1704928523,11-01-24 12:04,1704970285,overcast clouds,78,Soc Trang,1011,298.7,298.11,5.84
659fd98d5903ce0f56e712d6,301.12,301.12,1704928736,11-01-24 12:05,1704970342,scattered clouds,59,Long Xuyen,1009,302.45,301.12,1.95
659fd9e75903ce0f56e712d7,301.14,301.14,1704928613,11-01-24 12:07,1704970289,few clouds,74,Can Tho,1011,304.34,301.14,3.09
659fda415903ce0f56e712d8,301.14,301.14,1704928591,11-01-24 12:08,1704970224,broken clouds,74,Vinh Long,1010,304.34,301.14,5.09
659fda9c5903ce0f56e712d9,301.12,301.12,1704928691,11-01-24 12:10,1704970284,scattered clouds,60,Cao Lanh,1009,302.56,301.12,2.32
659fdaf65903ce0f56e712da,297.92,297.92,1704928489,11-01-24 12:11,1704970125,broken clouds,78,Ben Tre,1011,298.49,297.92,4.14
659fdb515903ce0f56e712db,297.76,297.76,1704928468,11-01-24 12:13,1704970164,broken clouds,80,Tra Vinh,1011,298.37,297.76,5.05
659fdbac5903ce0f56e712dc,297.9,297.9,1704928509,11-01-24 12:14,1704970122,broken clouds,78,My Tho,1011,298.47,297.9,4.49
659fdc075903ce0f56e712dd,302.16,302.16,1704928511,11-01-24 12:16,1704970087,broken clouds,76,Tan An,1010,307.07,302.16,5.49
659fdc615903ce0f56e712de,302.16,302.16,1704928472,11-01-24 12:17,1704970006,scattered clouds,65,Ho Chi Minh City,1011,305.01,302.16,2.57
659fdcbc5903ce0f56e712df,302.18,302.18,1704928498,11-01-24 12:19,1704969988,scattered clouds,65,Thu Dau Mot,1011,305.05,302.18,2.57
659fdd165903ce0f56e712e0,302.86,302.86,1704928654,11-01-24 12:20,1704970081,broken clouds,49,Phu Khuong,1009,303.63,302.86,2.91
659fdd715903ce0f56e712e1,301.64,301.64,1704928598,11-01-24 12:22,1704969912,clear sky,48,Loc Ninh,1009,301.97,301.64,1.78
659fddcb5903ce0f56e712e2,302.14,302.14,1704928456,11-01-24 12:23,1704969950,broken clouds,69,Bien Hoa,1010,305.67,302.14,5.44
659fde255903ce0f56e712e3,298.32,298.32,1704928332,11-01-24 12:25,1704969946,broken clouds,79,Vung Tau,1011,298.96,298.32,10.9
659fde805903ce0f56e712e4,297.05,297.05,1704928147,11-01-24 12:26,1704969644,scattered clouds,80,Phan Thiet,1011,297.58,297.05,5.48
659fdeda5903ce0f56e712e5,287.85,287.85,1704928166,11-01-24 12:28,1704969460,broken clouds,96,Da Lat,1015,287.88,287.85,1.57
659fdf345903ce0f56e712e6,293.29,293.29,1704928332,11-01-24 12:29,1704969482,scattered clouds,78,Buon Ma Thuot,1013,293.4,293.29,4.03
659fdf8e5903ce0f56e712e7,295.65,295.65,1704927998,11-01-24 12:31,1704969368,broken clouds,84,Phan Rang-Thap Cham,1013,296.15,295.65,4.87
659fdfe95903ce0f56e712e8,298.15,298.15,1704928018,11-01-24 12:32,1704969252,overcast clouds,83,Nha Trang,1014,298.87,298.15,4.47
659fe0435903ce0f56e712e9,291.4,291.4,1704928478,11-01-24 12:34,1704969360,broken clouds,89,Pleiku,1014,291.6,291.4,3.26
659fe09d5903ce0f56e712ea,291.66,291.66,1704928516,11-01-24 12:35,1704969323,few clouds,89,Kon Tum,1015,291.89,291.66,1.61
659fe0f85903ce0f56e712eb,295.39,295.39,1704928074,11-01-24 12:37,1704969139,overcast clouds,85,Tuy Hoa,1016,295.89,295.39,3.08
659fe1525903ce0f56e712ec,296.35,296.35,1704928160,11-01-24 12:38,1704969086,overcast clouds,79,Quy Nhon,1016,296.79,296.35,4.96
659fe1ac5903ce0f56e712ed,298.14,298.14,1704928640,11-01-24 12:40,1704969092,broken clouds,73,Turan,1016,298.6,298.14,2.06
659fe2065903ce0f56e712ee,295.27,295.27,1704928402,11-01-24 12:41,1704969052,overcast clouds,84,Quang Ngai,1017,295.73,295.27,1.82
659fe2615903ce0f56e712ef,298.13,298.13,1704928593,11-01-24 12:43,1704969084,overcast clouds,82,Hoi An,1017,298.82,298.13,3.55
659fe2bb5903ce0f56e712f0,297.21,297.21,1704928830,11-01-24 12:44,1704969200,broken clouds,78,Hue,1015,297.71,297.21,6.17
659fe3165903ce0f56e712f1,295.61,295.61,1704928956,11-01-24 12:46,1704969266,overcast clouds,83,Quang Tri,1016,296.08,295.61,4.96
659fe3705903ce0f56e712f2,295.37,295.37,1704929177,11-01-24 12:47,1704969333,overcast clouds,88,Kwang Binh,1016,295.95,295.37,4.61
659fe3ca5903ce0f56e712f3,294.57,294.57,1704929435,11-01-24 12:49,1704969411,scattered clouds,89,Ha Tinh,1016,295.09,294.57,2.66
659fe4255903ce0f56e712f4,295.14,295.14,1704929527,11-01-24 12:50,1704969431,broken clouds,88,Vinh,1016,295.69,295.14,4.25
659fe47f5903ce0f56e712f5,294.71,294.71,1704929625,11-01-24 12:52,1704969285,overcast clouds,89,Thanh Hoa,1017,295.25,294.71,1.52
659fe4d95903ce0f56e712f6,292.88,292.88,1704929625,11-01-24 12:53,1704969186,overcast clouds,93,Ninh Binh,1017,293.34,292.88,3.97
659fe5335903ce0f56e712f7,292.61,292.61,1704929597,11-01-24 12:55,1704969122,overcast clouds,90,Nam Dinh,1017,292.96,292.61,4.87
659fe58e5903ce0f56e712f8,292.62,292.62,1704929560,11-01-24 12:56,1704969078,overcast clouds,89,Thai Binh,1017,292.95,292.62,6.05
659fe5e85903ce0f56e712f9,292.1,292.1,1704929671,11-01-24 12:58,1704969169,overcast clouds,92,Phu Ly,1017,292.45,292.1,2
659fe6425903ce0f56e712fa,292.14,292.14,1704929646,11-01-24 12:59,1704969120,overcast clouds,89,Hung Yen,1017,292.42,292.14,2.5
659fe69d5903ce0f56e712fb,292.15,292.15,1704929617,11-01-24 13:01,1704969029,overcast clouds,89,Hai Duong,1017,292.43,292.15,1.77
659fe6f75903ce0f56e712fc,292.1,292.1,1704929521,11-01-24 13:02,1704968950,overcast clouds,88,Haiphong,1017,292.35,292.1,4.12
659fe7515903ce0f56e712fd,291.92,291.92,1704929436,11-01-24 13:04,1704968844,overcast clouds,92,Ha Long,1018,292.25,291.92,4.44
659fe7ab5903ce0f56e712fe,288.47,288.47,1704929617,11-01-24 13:05,1704968829,overcast clouds,97,Lang Son,1018,288.59,288.47,1.65
659fe8065903ce0f56e712ff,288.89,288.89,1704929827,11-01-24 13:07,1704968851,overcast clouds,97,Cao Bang,1019,289.05,288.89,0.5
659fe8605903ce0f56e71300,291.22,291.22,1704930150,11-01-24 13:08,1704969137,overcast clouds,99,Ha Giang,1018,291.67,291.22,1.04
659fe8ba5903ce0f56e71301,291.74,291.74,1704930358,11-01-24 13:10,1704969424,overcast clouds,97,Lao Cai,1017,292.19,291.74,0.9
659fe9155903ce0f56e71302,289.34,289.34,1704930468,11-01-24 13:11,1704969553,broken clouds,94,Lai Chau,1015,289.47,289.34,1.98
659fe96f5903ce0f56e71303,289.97,289.97,1704930240,11-01-24 13:13,1704969567,broken clouds,94,Son La,1015,290.16,289.97,2.35
659fe9c95903ce0f56e71304,295.26,295.26,1704930459,11-01-24 13:14,1704969771,overcast clouds,76,Dien Bien Phu,1013,295.51,295.26,1.34
659fea245903ce0f56e71305,291.15,291.15,1704929742,11-01-24 13:16,1704969133,overcast clouds,92,Ha Noi,1018,291.41,291.15,1.83
659fea7e5903ce0f56e71306,291.79,291.79,1704929839,11-01-24 13:17,1704969277,overcast clouds,97,Hoa Binh,1018,292.24,291.79,1.05
659fead85903ce0f56e71307,291.12,291.12,1704929871,11-01-24 13:19,1704969201,overcast clouds,92,Viet Tri,1018,291.37,291.12,1.33
659feb335903ce0f56e71308,291.12,291.12,1704929832,11-01-24 13:20,1704969160,overcast clouds,91,Vinh Yen,1018,291.35,291.12,1.37
659feb8d5903ce0f56e71309,291.19,291.19,1704929682,11-01-24 13:22,1704969020,overcast clouds,92,Bac Giang,1018,291.45,291.19,2.33
659febe75903ce0f56e7130a,291.2,291.2,1704929709,11-01-24 13:23,1704969065,overcast clouds,92,Bac Ninh,1018,291.46,291.2,2.4
659fec425903ce0f56e7130b,291.19,291.19,1704930050,11-01-24 13:25,1704969292,overcast clouds,96,Yen Bai,1018,291.56,291.19,0.84
659fec9c5903ce0f56e7130c,290.71,290.71,1704929980,11-01-24 13:26,1704969194,overcast clouds,95,Tuyen Quang,1018,291,290.71,0.59
659fecf75903ce0f56e7130d,291.03,291.03,1704929804,11-01-24 13:28,1704969069,overcast clouds,93,Thai Nguyen,1018,291.3,291.03,1.25
659fed515903ce0f56e7130e,289.23,289.23,1704929867,11-01-24 13:29,1704969011,overcast clouds,98,Bac Kan,1019,289.45,289.23,0.95
659fedab5903ce0f56e7130f,298.61,298.61,1704928680,11-01-24 13:31,1704970526,broken clouds,76,Ca Mau,1012,299.2,298.61,3.75
659fee055903ce0f56e71310,298.52,298.52,1704928553,11-01-24 13:32,1704970377,broken clouds,78,Bac Lieu,1012,299.15,298.52,7.53
659fee605903ce0f56e71311,301.19,301.19,1704928780,11-01-24 13:34,1704970459,overcast clouds,69,Rach Gia,1011,303.76,301.19,0.84
659feeba5903ce0f56e71312,297.83,297.83,1704928523,11-01-24 13:35,1704970285,overcast clouds,78,Soc Trang,1012,298.39,297.83,5.63
659fef145903ce0f56e71313,300.12,300.12,1704928736,11-01-24 13:37,1704970342,overcast clouds,74,Long Xuyen,1012,302.29,300.12,4.09
659fef6f5903ce0f56e71314,300.14,300.14,1704928613,11-01-24 13:38,1704970289,few clouds,78,Can Tho,1012,302.68,300.14,4.12
659fefc95903ce0f56e71315,300.14,300.14,1704928591,11-01-24 13:40,1704970224,overcast clouds,80,Vinh Long,1012,302.87,300.14,4.64
659ff0235903ce0f56e71316,300.12,300.12,1704928691,11-01-24 13:41,1704970284,overcast clouds,78,Cao Lanh,1012,302.64,300.12,5.02
659ff07e5903ce0f56e71317,297.86,297.86,1704928489,11-01-24 13:43,1704970125,overcast clouds,76,Ben Tre,1012,298.37,297.86,4.3
659ff0d85903ce0f56e71318,297.83,297.83,1704928468,11-01-24 13:44,1704970164,overcast clouds,77,Tra Vinh,1012,298.36,297.83,5.13
659ff1325903ce0f56e71319,297.8,297.8,1704928509,11-01-24 13:46,1704970122,overcast clouds,76,My Tho,1012,298.31,297.8,4.44
659ff18d5903ce0f56e7131a,301.16,301.16,1704928511,11-01-24 13:47,1704970087,broken clouds,76,Tan An,1012,304.67,301.16,5.09
659ff1e75903ce0f56e7131b,301.16,301.16,1704928472,11-01-24 13:49,1704970006,scattered clouds,69,Ho Chi Minh City,1012,303.7,301.16,3.09
659ff2415903ce0f56e7131c,301.18,301.18,1704928498,11-01-24 13:50,1704969988,scattered clouds,69,Thu Dau Mot,1012,303.74,301.18,3.09
659ff29c5903ce0f56e7131d,298.43,298.43,1704928654,11-01-24 13:52,1704970081,scattered clouds,74,Phu Khuong,1012,298.95,298.43,4.07
659ff2f65903ce0f56e7131e,297.45,297.45,1704928598,11-01-24 13:53,1704969912,scattered clouds,60,Loc Ninh,1012,297.5,297.45,1.79
659ff3505903ce0f56e7131f,301.14,301.14,1704928456,11-01-24 13:55,1704969950,few clouds,72,Bien Hoa,1012,304.07,301.14,2.44
659ff3ab5903ce0f56e71320,298.45,298.45,1704928332,11-01-24 13:56,1704969946,overcast clouds,79,Vung Tau,1012,299.1,298.45,11.4
659ff4055903ce0f56e71321,296.33,296.33,1704928147,11-01-24 13:58,1704969644,few clouds,84,Phan Thiet,1012,296.9,296.33,4.61
659ff45f5903ce0f56e71322,286.39,286.39,1704928166,11-01-24 13:59,1704969460,few clouds,97,Da Lat,1016,286.3,286.39,1.48
659ff4b95903ce0f56e71323,292.24,292.24,1704928332,11-01-24 14:01,1704969482,clear sky,81,Buon Ma Thuot,1014,292.32,292.24,3.95
659ff5145903ce0f56e71324,294.96,294.96,1704927998,11-01-24 14:03,1704969368,clear sky,85,Phan Rang-Thap Cham,1014,295.42,294.96,3.96
659ff56e5903ce0f56e71325,298.15,298.15,1704928018,11-01-24 14:04,1704969252,clear sky,84,Nha Trang,1015,298.9,298.15,3.89
659ff5c85903ce0f56e71326,290,290,1704928478,11-01-24 14:06,1704969360,clear sky,96,Pleiku,1015,290.25,290,2.73
659ff6235903ce0f56e71327,291.69,291.69,1704928516,11-01-24 14:07,1704969323,scattered clouds,92,Kon Tum,1015,292,291.69,1.61
659ff67d5903ce0f56e71328,296.41,296.41,1704928074,11-01-24 14:09,1704969139,overcast clouds,77,Tuy Hoa,1016,296.8,296.41,3.3
659ff6d75903ce0f56e71329,296.75,296.75,1704928160,11-01-24 14:10,1704969086,overcast clouds,77,Quy Nhon,1016,297.18,296.75,5.04
659ff7315903ce0f56e7132a,297.14,297.14,1704928640,11-01-24 14:12,1704969092,broken clouds,78,Turan,1017,297.63,297.14,1.54
659ff78c5903ce0f56e7132b,295.42,295.42,1704928402,11-01-24 14:13,1704969052,overcast clouds,81,Quang Ngai,1017,295.82,295.42,1.36
659ff7e65903ce0f56e7132c,297.13,297.13,1704928593,11-01-24 14:15,1704969084,overcast clouds,79,Hoi An,1017,297.65,297.13,3.15
659ff8405903ce0f56e7132d,297.21,297.21,1704928830,11-01-24 14:16,1704969200,scattered clouds,78,Hue,1016,297.71,297.21,4.63
659ff89b5903ce0f56e7132e,295.91,295.91,1704928956,11-01-24 14:18,1704969266,overcast clouds,83,Quang Tri,1016,296.41,295.91,4.55
659ff8f55903ce0f56e7132f,295.74,295.74,1704929177,11-01-24 14:19,1704969333,overcast clouds,87,Kwang Binh,1016,296.33,295.74,4.46
659ff94f5903ce0f56e71330,294.61,294.61,1704929435,11-01-24 14:21,1704969411,scattered clouds,89,Ha Tinh,1016,295.14,294.61,2.15
659ff9a95903ce0f56e71331,295.16,295.16,1704929527,11-01-24 14:22,1704969431,broken clouds,88,Vinh,1016,295.71,295.16,3.6
659ffa045903ce0f56e71332,294.42,294.42,1704929625,11-01-24 14:24,1704969285,overcast clouds,91,Thanh Hoa,1017,294.98,294.42,1.52
659ffa5e5903ce0f56e71333,293.04,293.04,1704929625,11-01-24 14:25,1704969186,overcast clouds,92,Ninh Binh,1017,293.49,293.04,4.19
659ffab85903ce0f56e71334,292.71,292.71,1704929597,11-01-24 14:27,1704969122,overcast clouds,90,Nam Dinh,1017,293.07,292.71,5.04
659ffb135903ce0f56e71335,292.7,292.7,1704929560,11-01-24 14:28,1704969078,light rain,90,Thai Binh,1017,293.06,292.7,6.17
659ffb6e5903ce0f56e71336,292.11,292.11,1704929671,11-01-24 14:30,1704969169,overcast clouds,92,Phu Ly,1017,292.46,292.11,2.01
659ffbc85903ce0f56e71337,292.17,292.17,1704929646,11-01-24 14:31,1704969120,overcast clouds,90,Hung Yen,1017,292.48,292.17,2.47
659ffc225903ce0f56e71338,292.15,292.15,1704929617,11-01-24 14:33,1704969029,overcast clouds,89,Hai Duong,1017,292.43,292.15,2.03
659ffc7d5903ce0f56e71339,292.1,292.1,1704929521,11-01-24 14:34,1704968950,overcast clouds,88,Haiphong,1017,292.35,292.1,2.57
659ffcd75903ce0f56e7133a,291.92,291.92,1704929436,11-01-24 14:36,1704968844,overcast clouds,94,Ha Long,1018,292.31,291.92,4.32
659ffd325903ce0f56e7133b,288.41,288.41,1704929617,11-01-24 14:37,1704968829,overcast clouds,97,Lang Son,1019,288.52,288.41,1.84
659ffd8c5903ce0f56e7133c,288.82,288.82,1704929827,11-01-24 14:39,1704968851,overcast clouds,97,Cao Bang,1019,288.98,288.82,0.47
659ffde65903ce0f56e7133d,291.21,291.21,1704930150,11-01-24 14:40,1704969137,overcast clouds,99,Ha Giang,1018,291.66,291.21,0.88
659ffe415903ce0f56e7133e,291.62,291.62,1704930358,11-01-24 14:42,1704969424,overcast clouds,97,Lao Cai,1017,292.06,291.62,0.9
659ffe9b5903ce0f56e7133f,289.29,289.29,1704930468,11-01-24 14:43,1704969553,broken clouds,91,Lai Chau,1016,289.34,289.29,1.56
659ffef55903ce0f56e71340,290.02,290.02,1704930240,11-01-24 14:45,1704969567,overcast clouds,92,Son La,1016,290.16,290.02,2.08
659fff4f5903ce0f56e71341,293.56,293.56,1704930459,11-01-24 14:46,1704969771,broken clouds,83,Dien Bien Phu,1014,293.82,293.56,1.34
659fffaa5903ce0f56e71342,291.15,291.15,1704929742,11-01-24 14:48,1704969133,overcast clouds,93,Ha Noi,1018,291.43,291.15,1.91
65a000045903ce0f56e71343,291.65,291.65,1704929839,11-01-24 14:49,1704969277,overcast clouds,97,Hoa Binh,1018,292.09,291.65,0.96
65a0005e5903ce0f56e71344,290.12,290.12,1704929871,11-01-24 14:51,1704969201,overcast clouds,93,Viet Tri,1018,290.3,290.12,1.19
65a000b85903ce0f56e71345,290.12,290.12,1704929832,11-01-24 14:52,1704969160,overcast clouds,92,Vinh Yen,1018,290.27,290.12,1.24
65a001135903ce0f56e71346,290.19,290.19,1704929682,11-01-24 14:54,1704969020,overcast clouds,93,Bac Giang,1018,290.38,290.19,2.4
65a0016d5903ce0f56e71347,290.2,290.2,1704929709,11-01-24 14:55,1704969065,overcast clouds,93,Bac Ninh,1018,290.39,290.2,2.32
65a001c75903ce0f56e71348,291.07,291.07,1704930050,11-01-24 14:57,1704969292,overcast clouds,97,Yen Bai,1018,291.45,291.07,0.9
65a002225903ce0f56e71349,290.6,290.6,1704929980,11-01-24 14:58,1704969194,overcast clouds,95,Tuyen Quang,1018,290.88,290.6,0.64
65a0027c5903ce0f56e7134a,290.03,290.03,1704929804,11-01-24 15:00,1704969069,overcast clouds,94,Thai Nguyen,1018,290.23,290.03,1.47
65a002d65903ce0f56e7134b,289.18,289.18,1704929867,11-01-24 15:01,1704969011,overcast clouds,98,Bac Kan,1018,289.4,289.18,0.91
65a003305903ce0f56e7134c,297.98,297.98,1704928680,11-01-24 15:03,1704970526,broken clouds,79,Ca Mau,1012,298.58,297.98,4.25
65a0038b5903ce0f56e7134d,298.33,298.33,1704928553,11-01-24 15:04,1704970377,overcast clouds,77,Bac Lieu,1012,298.91,298.33,7.54
65a003e55903ce0f56e7134e,298.81,298.81,1704928780,11-01-24 15:06,1704970459,overcast clouds,77,Rach Gia,1012,299.44,298.81,4.59
65a0043f5903ce0f56e7134f,297.76,297.76,1704928523,11-01-24 15:07,1704970285,overcast clouds,77,Soc Trang,1012,298.29,297.76,5.66
65a0049a5903ce0f56e71350,299.12,299.12,1704928736,11-01-24 15:09,1704970342,overcast clouds,80,Long Xuyen,1012,299.12,299.12,4.1
65a004f45903ce0f56e71351,299.14,299.14,1704928613,11-01-24 15:10,1704970289,few clouds,83,Can Tho,1012,299.14,299.14,2.57
65a0054e5903ce0f56e71352,299.14,299.14,1704928591,11-01-24 15:12,1704970224,overcast clouds,80,Vinh Long,1012,299.14,299.14,4.4
65a005a85903ce0f56e71353,299.12,299.12,1704928691,11-01-24 15:13,1704970284,overcast clouds,81,Cao Lanh,1012,299.12,299.12,4.34
65a006035903ce0f56e71354,297.85,297.85,1704928489,11-01-24 15:15,1704970125,overcast clouds,75,Ben Tre,1012,298.33,297.85,4.23
65a0065d5903ce0f56e71355,297.81,297.81,1704928468,11-01-24 15:16,1704970164,overcast clouds,76,Tra Vinh,1012,298.32,297.81,5.32
65a006b75903ce0f56e71356,297.78,297.78,1704928509,11-01-24 15:18,1704970122,overcast clouds,76,My Tho,1012,298.28,297.78,4.23
65a007115903ce0f56e71357,300.16,300.16,1704928511,11-01-24 15:19,1704970087,broken clouds,76,Tan An,1012,302.54,300.16,4.5
65a0076c5903ce0f56e71358,300.16,300.16,1704928472,11-01-24 15:21,1704970006,scattered clouds,74,Ho Chi Minh City,1012,302.37,300.16,3.09
65a007c65903ce0f56e71359,300.18,300.18,1704928498,11-01-24 15:22,1704969988,scattered clouds,74,Thu Dau Mot,1012,302.4,300.18,3.09
65a008205903ce0f56e7135a,297.94,297.94,1704928654,11-01-24 15:24,1704970081,broken clouds,75,Phu Khuong,1012,298.43,297.94,3.68
65a0087b5903ce0f56e7135b,297.75,297.75,1704928598,11-01-24 15:25,1704969912,scattered clouds,68,Loc Ninh,1012,298.04,297.75,1.52
65a008d55903ce0f56e7135c,300.14,300.14,1704928456,11-01-24 15:27,1704969950,few clouds,74,Bien Hoa,1012,302.33,300.14,1.86
65a0092f5903ce0f56e7135d,298.3,298.3,1704928332,11-01-24 15:28,1704969946,overcast clouds,80,Vung Tau,1011,298.96,298.3,11.21
65a009895903ce0f56e7135e,295.94,295.94,1704928147,11-01-24 15:30,1704969644,few clouds,85,Phan Thiet,1012,296.49,295.94,4.54
65a009e45903ce0f56e7135f,285.38,285.38,1704928166,11-01-24 15:31,1704969460,scattered clouds,88,Da Lat,1016,284.96,285.38,1.47
65a00a3e5903ce0f56e71360,292.07,292.07,1704928332,11-01-24 15:33,1704969482,few clouds,81,Buon Ma Thuot,1014,292.13,292.07,3.83
65a00a985903ce0f56e71361,294.2,294.2,1704927998,11-01-24 15:34,1704969368,few clouds,88,Phan Rang-Thap Cham,1014,294.66,294.2,3.49
65a00af35903ce0f56e71362,298.15,298.15,1704928018,11-01-24 15:36,1704969252,few clouds,86,Nha Trang,1015,298.95,298.15,3.29
65a00b4d5903ce0f56e71363,289.29,289.29,1704928478,11-01-24 15:37,1704969360,clear sky,97,Pleiku,1015,289.49,289.29,2.52
65a00ba75903ce0f56e71364,290.08,290.08,1704928516,11-01-24 15:39,1704969323,few clouds,97,Kon Tum,1015,290.36,290.08,1.52
65a00c015903ce0f56e71365,296.19,296.19,1704928074,11-01-24 15:40,1704969139,overcast clouds,78,Tuy Hoa,1015,296.59,296.19,3.47
65a00c5c5903ce0f56e71366,296.56,296.56,1704928160,11-01-24 15:42,1704969086,overcast clouds,76,Quy Nhon,1015,296.94,296.56,4.94
65a00cb65903ce0f56e71367,297.14,297.14,1704928640,11-01-24 15:43,1704969092,broken clouds,78,Turan,1016,297.63,297.14,2.06
65a00d105903ce0f56e71368,295.18,295.18,1704928402,11-01-24 15:45,1704969052,overcast clouds,83,Quang Ngai,1016,295.61,295.18,1.48
65a00d6b5903ce0f56e71369,297.13,297.13,1704928593,11-01-24 15:46,1704969084,overcast clouds,81,Hoi An,1016,297.7,297.13,2.87
65a00dc55903ce0f56e7136a,296.21,296.21,1704928830,11-01-24 15:48,1704969200,broken clouds,83,Hue,1016,296.74,296.21,4.12
65a00e1f5903ce0f56e7136b,295.6,295.6,1704928956,11-01-24 15:49,1704969266,overcast clouds,85,Quang Tri,1015,296.12,295.6,3.9
65a00e7a5903ce0f56e7136c,295.6,295.6,1704929177,11-01-24 15:51,1704969333,overcast clouds,87,Kwang Binh,1016,296.17,295.6,4.25
65a00ed45903ce0f56e7136d,294.69,294.69,1704929435,11-01-24 15:52,1704969411,broken clouds,89,Ha Tinh,1016,295.22,294.69,1.61
65a00f2e5903ce0f56e7136e,294.85,294.85,1704929527,11-01-24 15:54,1704969431,broken clouds,89,Vinh,1016,295.4,294.85,2.4
65a00f885903ce0f56e7136f,294.22,294.22,1704929625,11-01-24 15:55,1704969285,overcast clouds,92,Thanh Hoa,1016,294.78,294.22,1.49
65a00fe35903ce0f56e71370,292.93,292.93,1704929625,11-01-24 15:57,1704969186,overcast clouds,92,Ninh Binh,1017,293.37,292.93,3.46
65a0103d5903ce0f56e71371,292.72,292.72,1704929597,11-01-24 15:58,1704969122,overcast clouds,91,Nam Dinh,1017,293.11,292.72,4.44
65a010975903ce0f56e71372,292.73,292.73,1704929560,11-01-24 16:00,1704969078,overcast clouds,90,Thai Binh,1017,293.09,292.73,5.88
65a010f15903ce0f56e71373,292,292,1704929671,11-01-24 16:01,1704969169,overcast clouds,93,Phu Ly,1017,292.37,292,1.72
65a0114c5903ce0f56e71374,292.06,292.06,1704929646,11-01-24 16:03,1704969120,overcast clouds,91,Hung Yen,1017,292.38,292.06,1.8
65a011a65903ce0f56e71375,292.15,292.15,1704929617,11-01-24 16:04,1704969029,overcast clouds,89,Hai Duong,1017,292.43,292.15,1.79
65a012005903ce0f56e71376,292.1,292.1,1704929521,11-01-24 16:06,1704968950,overcast clouds,94,Haiphong,1017,292.51,292.1,2.06
65a0125a5903ce0f56e71377,291.92,291.92,1704929436,11-01-24 16:07,1704968844,overcast clouds,94,Ha Long,1017,292.31,291.92,4.23
65a012b55903ce0f56e71378,288.39,288.39,1704929617,11-01-24 16:09,1704968829,overcast clouds,97,Lang Son,1018,288.5,288.39,1.86
65a0130f5903ce0f56e71379,288.79,288.79,1704929827,11-01-24 16:10,1704968851,overcast clouds,97,Cao Bang,1019,288.94,288.79,0.55
65a013695903ce0f56e7137a,291.17,291.17,1704930150,11-01-24 16:12,1704969137,overcast clouds,99,Ha Giang,1018,291.61,291.17,0.75
65a013c35903ce0f56e7137b,291.61,291.61,1704930358,11-01-24 16:13,1704969424,overcast clouds,97,Lao Cai,1017,292.04,291.61,0.74
65a0141e5903ce0f56e7137c,289.21,289.21,1704930468,11-01-24 16:15,1704969553,broken clouds,92,Lai Chau,1016,289.27,289.21,1.44
65a014785903ce0f56e7137d,289.55,289.55,1704930240,11-01-24 16:16,1704969567,overcast clouds,94,Son La,1016,289.7,289.55,1.58
65a014d25903ce0f56e7137e,292.38,292.38,1704930459,11-01-24 16:18,1704969771,broken clouds,90,Dien Bien Phu,1014,292.71,292.38,1.51
65a0152d5903ce0f56e7137f,290.15,290.15,1704929742,11-01-24 16:19,1704969133,overcast clouds,93,Ha Noi,1017,290.33,290.15,2.01
65a015875903ce0f56e71380,291.6,291.6,1704929839,11-01-24 16:21,1704969277,overcast clouds,97,Hoa Binh,1017,292.03,291.6,0.9
65a015e15903ce0f56e71381,290.12,290.12,1704929871,11-01-24 16:22,1704969201,overcast clouds,93,Viet Tri,1017,290.3,290.12,1.29
65a0163b5903ce0f56e71382,290.12,290.12,1704929832,11-01-24 16:24,1704969160,overcast clouds,93,Vinh Yen,1017,290.3,290.12,1.31
65a016965903ce0f56e71383,290.19,290.19,1704929682,11-01-24 16:25,1704969020,overcast clouds,93,Bac Giang,1017,290.38,290.19,2.07
65a016f05903ce0f56e71384,290.2,290.2,1704929709,11-01-24 16:27,1704969065,overcast clouds,93,Bac Ninh,1017,290.39,290.2,2.29
65a0174a5903ce0f56e71385,291.02,291.02,1704930050,11-01-24 16:28,1704969292,overcast clouds,97,Yen Bai,1017,291.4,291.02,0.72
65a017a55903ce0f56e71386,290.43,290.43,1704929980,11-01-24 16:30,1704969194,overcast clouds,96,Tuyen Quang,1017,290.72,290.43,0.73
65a017ff5903ce0f56e71387,290.03,290.03,1704929804,11-01-24 16:31,1704969069,overcast clouds,95,Thai Nguyen,1017,290.25,290.03,1.25
65a018595903ce0f56e71388,289.11,289.11,1704929867,11-01-24 16:33,1704969011,overcast clouds,98,Bac Kan,1018,289.32,289.11,0.81
65a018b35903ce0f56e71389,297.62,297.62,1704928680,11-01-24 16:34,1704970526,broken clouds,78,Ca Mau,1012,298.16,297.62,3.97
65a0190e5903ce0f56e7138a,298.16,298.16,1704928553,11-01-24 16:36,1704970377,overcast clouds,76,Bac Lieu,1012,298.7,298.16,7.99
65a019685903ce0f56e7138b,297.08,297.08,1704928780,11-01-24 16:38,1704970459,broken clouds,84,Rach Gia,1012,297.72,297.08,4.04
65a019c25903ce0f56e7138c,297.62,297.62,1704928523,11-01-24 16:39,1704970285,overcast clouds,76,Soc Trang,1012,298.11,297.62,5.96
65a01a1d5903ce0f56e7138d,298.12,298.12,1704928736,11-01-24 16:41,1704970342,overcast clouds,84,Long Xuyen,1012,298.87,298.12,3.02
65a01a775903ce0f56e7138e,298.14,298.14,1704928613,11-01-24 16:42,1704970289,scattered clouds,88,Can Tho,1012,298.99,298.14,3.6
65a01ad25903ce0f56e7138f,298.14,298.14,1704928591,11-01-24 16:44,1704970224,overcast clouds,78,Vinh Long,1012,298.73,298.14,4.44
65a01b2c5903ce0f56e71390,298.12,298.12,1704928691,11-01-24 16:45,1704970284,overcast clouds,82,Cao Lanh,1012,298.81,298.12,3.39
65a01b865903ce0f56e71391,297.58,297.58,1704928489,11-01-24 16:47,1704970125,overcast clouds,76,Ben Tre,1012,298.06,297.58,4.05
65a01be15903ce0f56e71392,297.73,297.73,1704928468,11-01-24 16:48,1704970164,overcast clouds,75,Tra Vinh,1012,298.2,297.73,5.41
65a01c3b5903ce0f56e71393,297.47,297.47,1704928509,11-01-24 16:50,1704970122,overcast clouds,77,My Tho,1012,297.97,297.47,3.93
65a01c955903ce0f56e71394,299.16,299.16,1704928511,11-01-24 16:51,1704970087,broken clouds,78,Tan An,1011,299.16,299.16,3.78
65a01cef5903ce0f56e71395,299.16,299.16,1704928472,11-01-24 16:53,1704970006,scattered clouds,83,Ho Chi Minh City,1012,299.16,299.16,2.57
65a01d4a5903ce0f56e71396,299.18,299.18,1704928498,11-01-24 16:54,1704969988,scattered clouds,83,Thu Dau Mot,1012,299.18,299.18,2.57
65a01da45903ce0f56e71397,297.17,297.17,1704928654,11-01-24 16:56,1704970081,broken clouds,77,Phu Khuong,1011,297.64,297.17,2.94
65a01dfe5903ce0f56e71398,296.64,296.64,1704928598,11-01-24 16:57,1704969912,scattered clouds,80,Loc Ninh,1011,297.13,296.64,1.2
65a01e585903ce0f56e71399,299.14,299.14,1704928456,11-01-24 16:59,1704969950,broken clouds,77,Bien Hoa,1011,299.14,299.14,1.47
65a01eb35903ce0f56e7139a,297.9,297.9,1705014748,11-01-24 17:00,1705056377,overcast clouds,82,Vung Tau,1011,298.57,297.9,9.56
65a01f0d5903ce0f56e7139b,295.28,295.28,1705014562,11-01-24 17:02,1705056075,scattered clouds,86,Phan Thiet,1012,295.79,295.28,4.14
65a01f675903ce0f56e7139c,285.28,285.28,1705014581,11-01-24 17:03,1705055893,scattered clouds,83,Da Lat,1016,284.72,285.28,1.38
65a01fc15903ce0f56e7139d,291.65,291.65,1705014747,11-01-24 17:05,1705055915,scattered clouds,84,Buon Ma Thuot,1014,291.75,291.65,3.37
65a0201c5903ce0f56e7139e,293.89,293.89,1705014413,11-01-24 17:06,1705055800,scattered clouds,89,Phan Rang-Thap Cham,1014,294.34,293.89,3.33
65a020765903ce0f56e7139f,298.15,298.15,1705014433,11-01-24 17:08,1705055684,scattered clouds,87,Nha Trang,1015,298.98,298.15,3.05
65a020d05903ce0f56e713a0,288.95,288.95,1704928478,11-01-24 17:09,1704969360,few clouds,97,Pleiku,1015,289.12,288.95,2.39
65a0212b5903ce0f56e713a1,289.82,289.82,1705014929,11-01-24 17:11,1705055757,few clouds,97,Kon Tum,1015,290.08,289.82,1.47
65a021855903ce0f56e713a2,296,296,1705014488,11-01-24 17:12,1705055573,overcast clouds,79,Tuy Hoa,1015,296.4,296,3.56
65a021df5903ce0f56e713a3,296.18,296.18,1705014573,11-01-24 17:14,1705055520,overcast clouds,79,Quy Nhon,1015,296.6,296.18,4.88
65a022395903ce0f56e713a4,297.14,297.14,1705015051,11-01-24 17:15,1705055528,broken clouds,78,Turan,1016,297.63,297.14,1.03
65a022945903ce0f56e713a5,295,295,1705014815,11-01-24 17:17,1705055487,overcast clouds,84,Quang Ngai,1016,295.43,295,1.34
65a022ee5903ce0f56e713a6,297.13,297.13,1705015005,11-01-24 17:18,1705055520,overcast clouds,81,Hoi An,1016,297.7,297.13,2.86
65a023485903ce0f56e713a7,295.21,295.21,1705015242,11-01-24 17:20,1705055636,scattered clouds,88,Hue,1015,295.77,295.21,1.54
65a023a25903ce0f56e713a8,295.42,295.42,1705015367,11-01-24 17:21,1705055703,overcast clouds,85,Quang Tri,1015,295.92,295.42,3.81
65a023fd5903ce0f56e713a9,295.34,295.34,1705015588,11-01-24 17:23,1705055770,overcast clouds,89,Kwang Binh,1015,295.94,295.34,3.97
65a024575903ce0f56e713aa,294.59,294.59,1705015845,11-01-24 17:24,1705055849,broken clouds,89,Ha Tinh,1015,295.11,294.59,1.1
65a024b15903ce0f56e713ab,294.72,294.72,1705015937,11-01-24 17:26,1705055869,broken clouds,89,Vinh,1015,295.26,294.72,1.74
65a0250c5903ce0f56e713ac,294.04,294.04,1705016034,11-01-24 17:27,1705055724,overcast clouds,92,Thanh Hoa,1016,294.59,294.04,1.38
65a025665903ce0f56e713ad,292.88,292.88,1705016033,11-01-24 17:29,1705055625,overcast clouds,93,Ninh Binh,1016,293.34,292.88,3.13
65a025c05903ce0f56e713ae,292.65,292.65,1705016005,11-01-24 17:30,1705055561,overcast clouds,91,Nam Dinh,1016,293.03,292.65,4.25
65a0261a5903ce0f56e713af,292.73,292.73,1705015968,11-01-24 17:32,1705055518,overcast clouds,90,Thai Binh,1016,293.09,292.73,5.51
65a026755903ce0f56e713b0,291.85,291.85,1705016079,11-01-24 17:33,1705055608,overcast clouds,93,Phu Ly,1017,292.2,291.85,1.71
65a026cf5903ce0f56e713b1,292,292,1705016054,11-01-24 17:35,1705055560,overcast clouds,91,Hung Yen,1016,292.32,292,2.06
65a027295903ce0f56e713b2,292.15,292.15,1705016025,11-01-24 17:36,1705055469,overcast clouds,91,Hai Duong,1016,292.48,292.15,1.57
65a027835903ce0f56e713b3,292.1,292.1,1705015929,11-01-24 17:38,1705055390,mist,94,Haiphong,1017,292.51,292.1,2.57
65a027dd5903ce0f56e713b4,291.92,291.92,1705015844,11-01-24 17:39,1705055284,overcast clouds,94,Ha Long,1017,292.31,291.92,4.16
65a028385903ce0f56e713b5,288.33,288.33,1705016024,11-01-24 17:41,1705055270,overcast clouds,97,Lang Son,1018,288.44,288.33,1.63
65a028925903ce0f56e713b6,288.82,288.82,1705016233,11-01-24 17:42,1705055293,overcast clouds,97,Cao Bang,1018,288.98,288.82,0.58
65a028ec5903ce0f56e713b7,291.1,291.1,1705016556,11-01-24 17:44,1705055578,overcast clouds,99,Ha Giang,1017,291.54,291.1,0.63
65a029475903ce0f56e713b8,291.51,291.51,1705016764,11-01-24 17:45,1705055866,overcast clouds,97,Lao Cai,1017,291.93,291.51,0.78
65a029a15903ce0f56e713b9,288.65,288.65,1705016875,11-01-24 17:47,1705055995,overcast clouds,95,Lai Chau,1015,288.74,288.65,1.22
65a029fb5903ce0f56e713ba,289.45,289.45,1705016647,11-01-24 17:48,1705056007,overcast clouds,94,Son La,1016,289.59,289.45,1.32
65a02a555903ce0f56e713bb,291.1,291.1,1705016866,11-01-24 17:50,1705056212,scattered clouds,98,Dien Bien Phu,1014,291.51,291.1,1.5
65a02ab05903ce0f56e713bc,290.15,290.15,1705016149,11-01-24 17:51,1705055573,overcast clouds,92,Ha Noi,1017,290.31,290.15,2.18
65a02b0a5903ce0f56e713bd,291.51,291.51,1705016247,11-01-24 17:53,1705055717,overcast clouds,97,Hoa Binh,1017,291.93,291.51,0.88
65a02b645903ce0f56e713be,290.12,290.12,1705016278,11-01-24 17:54,1705055641,overcast clouds,94,Viet Tri,1017,290.33,290.12,1.1
65a02bbe5903ce0f56e713bf,290.12,290.12,1705016239,11-01-24 17:56,1705055600,overcast clouds,93,Vinh Yen,1017,290.3,290.12,1.39
